#x_m,y_m,w_tr_right_m,w_tr_left_m
4.24,22.46,1.3031219541881398,1.2926079241294763
4.26,22.44,1.2845504094221807,1.3100931650062986
4.4,22.44,1.3012495120998477,1.2924823389915505
4.42,22.42,1.2849290204927162,1.30822883943797
4.5200000000000005,22.42,1.304618334682737,1.2911002482559042
4.54,22.400000000000002,1.288584275384847,1.305615146914104
4.62,22.400000000000002,1.305615146914104,1.2861904047118682
4.64,22.38,1.2911002482559042,1.3009996876951602
4.7,22.38,1.305615146914104,1.2861904047118682
4.72,22.36,1.2911002482559042,1.3001249951175688
4.76,22.36,1.301624175641714,1.2875767697972906
4.78,22.34,1.2880806024884255,1.3001249951175688
4.82,22.34,1.3001249951175688,1.2861904047118682
4.84,22.32,1.2875767697972906,1.2969971822141704
4.86,22.32,1.2942396306703707,1.2895911424010893
4.88,22.3,1.2824032355881985,1.3011246047700349
4.92,22.3,1.2969971822141704,1.2861904047118682
4.94,22.28,1.2861904047118682,1.2969971822141704
4.96,22.28,1.294114174079134,1.2895911424010893
4.98,22.26,1.2840454538932904,1.3011246047700349
5.0,22.26,1.2924823389915505,1.2924823389915505
5.0200000000000005,22.240000000000002,1.283161394173064,1.3022484201895785
5.04,22.240000000000002,1.2921055241409096,1.294114174079134
5.0600000000000005,22.22,1.283161394173064,1.304618334682737
5.08,22.22,1.2921055241409096,1.2969971822141704
5.1000000000000005,22.2,1.283161394173064,1.30822883943797
5.12,22.2,1.2921055241409096,1.3011246047700349
5.14,22.18,1.283161394173064,1.3090991268408545
5.18,22.18,1.3011246047700349,1.2880806024884255
5.22,22.14,1.2835403373454053,1.3026228502052501
5.24,22.14,1.2929846201391901,1.2929846201391901
5.26,22.12,1.2851813776347487,1.3012495120998477
5.28,22.12,1.2951175505272332,1.2921055241409096
5.3,22.1,1.2880806024884255,1.2976232346833216
5.32,22.1,1.2984992962150468,1.2864425612041552
5.36,22.06,1.2864425612041552,1.2976232346833216
5.38,22.06,1.2976232346833216,1.2864425612041552
5.42,22.02,1.2864425612041552,1.2962455951387932
5.44,22.02,1.2976232346833216,1.2840454538932904
5.5,21.96,1.2840454538932904,1.2962455951387932
5.5200000000000005,21.96,1.2962455951387932,1.2840454538932904
5.64,21.84,1.2841717078650283,1.3011246047700349
5.66,21.84,1.2981239000778382,1.2879546593023365
5.8,21.7,1.2980613254815976,1.2879546593023365
5.8,21.68,1.2839191898578666,1.3011246047700349
5.94,21.54,1.2962455951387932,1.2840454538932904
5.94,21.52,1.2840454538932904,1.2962455951387932
6.0,21.46,1.2976232346833216,1.2840454538932904
6.0,21.44,1.2864425612041552,1.2962455951387932
6.04,21.400000000000002,1.2976232346833216,1.2864425612041552
6.04,21.38,1.2864425612041552,1.2976232346833216
6.08,21.34,1.2984992962150468,1.2864425612041552
6.08,21.32,1.2880806024884255,1.2976232346833216
6.1000000000000005,21.3,1.2951175505272332,1.2921055241409096
6.1000000000000005,21.28,1.2851813776347487,1.3012495120998477
6.12,21.26,1.2929846201391901,1.2929846201391901
6.12,21.240000000000002,1.2835403373454053,1.3026228502052501
6.16,21.2,1.3011246047700349,1.2880806024884255
6.16,21.16,1.283161394173064,1.3090991268408545
6.18,21.14,1.2921055241409096,1.3011246047700349
6.18,21.12,1.283161394173064,1.30822883943797
6.2,21.1,1.2921055241409096,1.2969971822141704
6.2,21.080000000000002,1.283161394173064,1.304618334682737
6.22,21.06,1.2921055241409096,1.294114174079134
6.22,21.04,1.283161394173064,1.3022484201895785
6.24,21.02,1.2924823389915505,1.2924823389915505
6.24,21.0,1.2840454538932904,1.3011246047700349
6.26,20.98,1.294114174079134,1.2921055241409096
6.26,20.94,1.2784802817900514,1.30822883943797
6.28,20.92,1.2895911424010893,1.2969971822141704
6.28,20.88,1.2754364474646382,1.3124515496597098
6.3,20.86,1.2875767697972906,1.3001249951175688
6.3,20.82,1.2749285698088024,1.313071604114337
6.32,20.8,1.2875767697972906,1.3001249951175688
6.32,20.76,1.2749285698088024,1.313071604114337
6.34,20.740000000000002,1.2880806024884255,1.3001249951175688
6.34,20.7,1.2769590990257167,1.3104657711357917
6.36,20.68,1.2911002482559042,1.2962455951387932
6.36,20.62,1.2770859202973057,1.3120794025109308
6.38,20.6,1.2924823389915505,1.2966214329013626
6.38,20.52,1.2770859202973057,1.3150541786577936
6.4,20.5,1.2924823389915505,1.2981239000778382
6.4,20.44,1.2815182578775373,1.3079800993793425
6.42,20.42,1.2981239000778382,1.2902201105507376
6.42,3.68,1.2981239000778382,1.2924823389915505
6.4,3.66,1.2815182578775373,1.30822883943797
6.4,3.6,1.2924823389915505,1.2981239000778382
6.38,3.58,1.2770859202973057,1.3150541786577936
6.38,3.5,1.2924823389915505,1.2966214329013626
6.36,3.48,1.2770859202973057,1.3120794025109308
6.36,3.42,1.2911002482559042,1.2962455951387932
6.34,3.4,1.2769590990257167,1.3104657711357917
6.34,3.36,1.2880806024884255,1.3001249951175688
6.32,3.34,1.2749285698088024,1.313071604114337
6.32,3.3000000000000003,1.2875767697972906,1.3001249951175688
6.3,3.2800000000000002,1.2749285698088024,1.313071604114337
6.3,3.24,1.2875767697972906,1.3001249951175688
6.28,3.22,1.2754364474646382,1.3124515496597098
6.28,3.18,1.2895911424010893,1.2969971822141704
6.26,3.16,1.2784802817900514,1.30822883943797
6.26,3.12,1.294114174079134,1.2921055241409096
6.24,3.1,1.2824032355881985,1.3011246047700349
6.24,3.08,1.2895911424010893,1.2924823389915505
6.22,3.06,1.2784802817900514,1.3022484201895785
6.22,3.04,1.2861904047118682,1.294114174079134
6.2,3.02,1.2758172482873766,1.304618334682737
6.2,2.98,1.2924823389915505,1.2895911424010893
6.18,2.96,1.283161394173064,1.3011246047700349
6.18,2.94,1.2921055241409096,1.2921055241409096
6.16,2.92,1.2835403373454053,1.3011246047700349
6.16,2.9,1.2929846201391901,1.2921055241409096
6.140000000000001,2.88,1.2851813776347487,1.2984992962150468
6.140000000000001,2.86,1.2951175505272332,1.2880806024884255
6.12,2.84,1.2880806024884255,1.2951175505272332
6.12,2.82,1.2984992962150468,1.2851813776347487
6.08,2.7800000000000002,1.2851813776347487,1.2976232346833216
6.08,2.7600000000000002,1.2951175505272332,1.2864425612041552
6.0600000000000005,2.74,1.2880806024884255,1.2922311389996113
6.0600000000000005,2.72,1.2984992962150468,1.28113883008419
6.0,2.66,1.28113883008419,1.2962455951387932
6.0,2.64,1.2926079241294763,1.2840454538932904
5.96,2.6,1.2840454538932904,1.2926079241294763
5.96,2.58,1.2962455951387932,1.28113883008419
5.8,2.42,1.2839191898578666,1.3011246047700349
5.8,2.4,1.2980613254815976,1.2879546593023365
5.66,2.2600000000000002,1.2981239000778382,1.2879546593023365
5.64,2.2600000000000002,1.2841717078650283,1.3011246047700349
5.5200000000000005,2.14,1.2962455951387932,1.2879546593023365
5.5,2.14,1.2840454538932904,1.3
5.44,2.08,1.2976232346833216,1.2864425612041552
5.42,2.08,1.2864425612041552,1.2976232346833216
5.38,2.04,1.2976232346833216,1.2864425612041552
5.36,2.04,1.2864425612041552,1.2976232346833216
5.32,2.0,1.2984992962150468,1.2864425612041552
5.3,2.0,1.2880806024884255,1.2976232346833216
5.28,1.98,1.2951175505272332,1.2922311389996113
5.26,1.98,1.2851813776347487,1.3026228502052501
5.22,1.94,1.3012495120998477,1.2880806024884255
5.2,1.94,1.2921055241409096,1.2984992962150468
5.18,1.92,1.3011246047700349,1.2921055241409096
5.14,1.92,1.283161394173064,1.3099689437998487
5.12,1.9000000000000001,1.2921055241409096,1.3011246047700349
5.1000000000000005,1.9000000000000001,1.283161394173064,1.30822883943797
5.08,1.8800000000000001,1.2921055241409096,1.2969971822141704
5.0600000000000005,1.8800000000000001,1.283161394173064,1.304618334682737
5.04,1.86,1.2921055241409096,1.294114174079134
5.0200000000000005,1.86,1.283161394173064,1.3022484201895785
5.0,1.84,1.2924823389915505,1.2924823389915505
4.98,1.84,1.2840454538932904,1.3011246047700349
4.96,1.82,1.294114174079134,1.2921055241409096
4.92,1.82,1.2784802817900514,1.30822883943797
4.9,1.8,1.2895911424010893,1.2969971822141704
4.86,1.8,1.2754364474646382,1.3124515496597098
4.84,1.78,1.2875767697972906,1.3001249951175688
4.8,1.78,1.2749285698088024,1.313071604114337
4.78,1.76,1.2880806024884255,1.3001249951175688
4.74,1.76,1.2769590990257167,1.313071604114337
4.72,1.74,1.2911002482559042,1.3001249951175688
4.66,1.74,1.2769590990257167,1.3155494421403513
4.64,1.72,1.2911002482559042,1.301624175641714
4.58,1.72,1.2770859202973057,1.316168308066954
4.5600000000000005,1.7,1.2924823389915505,1.3009996876951602
4.5,1.7,1.2815182578775373,1.3150541786577936
4.48,1.68,1.2966214329013626,1.2981239000778382
4.4,1.68,1.2815182578775373,1.3120794025109308
4.38,1.6600000000000001,1.2981239000778382,1.2952429282087414
4.28,1.6600000000000001,1.2861904047118682,1.3120794025109308
4.26,1.6400000000000001,1.3044936896105264,1.2966214329013626
3.8200000000000003,1.6400000000000001,1.3044936896105264,1.2966214329013626
3.8000000000000003,1.6600000000000001,1.2861904047118682,1.3120794025109308
3.7,1.6600000000000001,1.2981239000778382,1.2952429282087414
3.68,1.68,1.2815182578775373,1.3120794025109308
3.6,1.68,1.2966214329013626,1.2981239000778382
3.58,1.7,1.2815182578775373,1.3150541786577936
3.52,1.7,1.2924823389915505,1.3009996876951602
3.5,1.72,1.2770859202973057,1.316168308066954
3.44,1.72,1.2911002482559042,1.301624175641714
3.42,1.74,1.2769590990257167,1.3155494421403513
3.36,1.74,1.2911002482559042,1.3001249951175688
3.34,1.76,1.2769590990257167,1.313071604114337
3.3000000000000003,1.76,1.2880806024884255,1.3001249951175688
3.2800000000000002,1.78,1.2749285698088024,1.313071604114337
3.24,1.78,1.2875767697972906,1.3001249951175688
3.22,1.8,1.2754364474646382,1.3124515496597098
3.18,1.8,1.2895911424010893,1.2969971822141704
3.16,1.82,1.2784802817900514,1.30822883943797
3.12,1.82,1.294114174079134,1.2921055241409096
3.1,1.84,1.2840454538932904,1.3011246047700349
3.08,1.84,1.2924823389915505,1.2924823389915505
3.06,1.86,1.283161394173064,1.3022484201895785
3.04,1.86,1.2921055241409096,1.294114174079134
3.02,1.8800000000000001,1.283161394173064,1.304618334682737
3.0,1.8800000000000001,1.2921055241409096,1.2969971822141704
2.98,1.9000000000000001,1.283161394173064,1.30822883943797
2.96,1.9000000000000001,1.2921055241409096,1.3011246047700349
2.94,1.92,1.283161394173064,1.3090991268408545
2.9,1.92,1.3011246047700349,1.2880806024884255
2.86,1.96,1.2835403373454053,1.3026228502052501
2.84,1.96,1.2929846201391901,1.2929846201391901
2.82,1.98,1.2851813776347487,1.3012495120998477
2.8000000000000003,1.98,1.2951175505272332,1.2921055241409096
2.7800000000000002,2.0,1.2880806024884255,1.2976232346833216
2.7600000000000002,2.0,1.2984992962150468,1.2864425612041552
2.72,2.04,1.2864425612041552,1.2976232346833216
2.7,2.04,1.2976232346833216,1.2864425612041552
2.66,2.08,1.2864425612041552,1.2962455951387932
2.64,2.08,1.2976232346833216,1.2840454538932904
2.58,2.14,1.2840454538932904,1.2962455951387932
2.56,2.14,1.2962455951387932,1.2840454538932904
2.42,2.2800000000000002,1.2839191898578666,1.3011246047700349
2.4,2.2800000000000002,1.2980613254815976,1.2879546593023365
2.2800000000000002,2.4,1.2980613254815976,1.2879546593023365
2.2800000000000002,2.42,1.2839191898578666,1.3011246047700349
2.14,2.56,1.2962455951387932,1.2840454538932904
2.14,2.58,1.2840454538932904,1.2962455951387932
2.08,2.64,1.2976232346833216,1.2840454538932904
2.08,2.66,1.2864425612041552,1.2962455951387932
2.04,2.7,1.2976232346833216,1.2864425612041552
2.04,2.72,1.2864425612041552,1.2976232346833216
2.0,2.7600000000000002,1.2984992962150468,1.2864425612041552
2.0,2.7800000000000002,1.2880806024884255,1.2976232346833216
1.98,2.8000000000000003,1.2951175505272332,1.2921055241409096
1.98,2.82,1.2851813776347487,1.3012495120998477
1.96,2.84,1.2929846201391901,1.2929846201391901
1.96,2.86,1.2835403373454053,1.3026228502052501
1.92,2.9,1.3011246047700349,1.2880806024884255
1.92,2.94,1.283161394173064,1.3090991268408545
1.9000000000000001,2.96,1.2921055241409096,1.3011246047700349
1.9000000000000001,2.98,1.283161394173064,1.30822883943797
1.8800000000000001,3.0,1.2921055241409096,1.2969971822141704
1.8800000000000001,3.02,1.283161394173064,1.304618334682737
1.86,3.04,1.2921055241409096,1.294114174079134
1.86,3.06,1.283161394173064,1.3022484201895785
1.84,3.08,1.2924823389915505,1.2924823389915505
1.84,3.1,1.2840454538932904,1.3011246047700349
1.82,3.12,1.294114174079134,1.2895911424010893
1.82,3.14,1.2861904047118682,1.2969971822141704
1.8,3.16,1.2969971822141704,1.2861904047118682
1.8,3.2,1.2824032355881985,1.3011246047700349
1.78,3.22,1.2942396306703707,1.2895911424010893
1.78,3.24,1.2875767697972906,1.2969971822141704
1.76,3.2600000000000002,1.3001249951175688,1.2861904047118682
1.76,3.3000000000000003,1.2875767697972906,1.3001249951175688
1.74,3.3200000000000003,1.3001249951175688,1.2875767697972906
1.74,3.36,1.2880806024884255,1.3001249951175688
1.72,3.38,1.301624175641714,1.2861904047118682
1.72,3.42,1.2911002482559042,1.2962455951387932
1.7,3.44,1.305615146914104,1.2815182578775373
1.7,3.52,1.288584275384847,1.3009996876951602
1.68,3.54,1.304618334682737,1.2861904047118682
1.68,3.64,1.2849290204927162,1.304618334682737
1.6600000000000001,3.66,1.3012495120998477,1.288584275384847
1.6600000000000001,3.8200000000000003,1.283161394173064,1.3124515496597098
1.6400000000000001,3.84,1.301998751560063,1.2952429282087414
1.6400000000000001,4.0,1.3,1.3250538452617502
1.62,4.0200000000000005,1.32,1.3104657711357917
1.62,20.1,1.32,1.3104657711357917
1.6400000000000001,20.12,1.3,1.3250538452617502
1.6400000000000001,20.28,1.3031219541881398,1.2952429282087414
1.6600000000000001,20.3,1.2845504094221807,1.3120794025109308
1.6600000000000001,20.44,1.3012495120998477,1.288584275384847
1.68,20.46,1.2849290204927162,1.304618334682737
1.68,20.56,1.304618334682737,1.2861904047118682
1.7,20.580000000000002,1.288584275384847,1.3009996876951602
1.7,20.66,1.305615146914104,1.2815182578775373
1.72,20.68,1.2911002482559042,1.2962455951387932
1.72,20.72,1.301624175641714,1.2861904047118682
1.74,20.740000000000002,1.2880806024884255,1.3001249951175688
1.74,20.78,1.3001249951175688,1.2875767697972906
1.76,20.8,1.2875767697972906,1.3001249951175688
1.76,20.84,1.3001249951175688,1.2861904047118682
1.78,20.86,1.2875767697972906,1.2969971822141704
1.78,20.88,1.2942396306703707,1.2895911424010893
1.8,20.900000000000002,1.2824032355881985,1.3011246047700349
1.8,20.94,1.2969971822141704,1.2861904047118682
1.82,20.96,1.2861904047118682,1.2969971822141704
1.82,20.98,1.294114174079134,1.2895911424010893
1.84,21.0,1.2824032355881985,1.3011246047700349
1.84,21.04,1.2969971822141704,1.2840454538932904
1.86,21.06,1.2861904047118682,1.294114174079134
1.86,21.080000000000002,1.294114174079134,1.2861904047118682
1.8800000000000001,21.1,1.2840454538932904,1.2969971822141704
1.8800000000000001,21.12,1.2924823389915505,1.2895911424010893
1.9000000000000001,21.14,1.283161394173064,1.3011246047700349
1.9000000000000001,21.16,1.2921055241409096,1.2921055241409096
1.92,21.18,1.2835403373454053,1.2984992962150468
1.92,21.2,1.2929846201391901,1.2880806024884255
1.94,21.22,1.2851813776347487,1.2951175505272332
1.94,21.240000000000002,1.2951175505272332,1.2851813776347487
1.96,21.26,1.2880806024884255,1.2929846201391901
1.96,21.28,1.2984992962150468,1.2835403373454053
2.0,21.32,1.2864425612041552,1.2976232346833216
2.0,21.34,1.2976232346833216,1.2864425612041552
2.04,21.38,1.2864425612041552,1.2976232346833216
2.04,21.400000000000002,1.2976232346833216,1.2864425612041552
2.08,21.44,1.2864425612041552,1.2962455951387932
2.08,21.46,1.2976232346833216,1.2840454538932904
2.14,21.52,1.2840454538932904,1.2962455951387932
2.14,21.54,1.2962455951387932,1.2840454538932904
2.2800000000000002,21.68,1.2839191898578666,1.3011246047700349
2.2800000000000002,21.7,1.2980613254815976,1.2879546593023365
2.4,21.82,1.2980613254815976,1.2879546593023365
2.42,21.82,1.2839191898578666,1.3011246047700349
2.56,21.96,1.2962455951387932,1.2840454538932904
2.58,21.96,1.2840454538932904,1.2962455951387932
2.64,22.02,1.2976232346833216,1.2840454538932904
2.66,22.02,1.2864425612041552,1.2962455951387932
2.7,22.06,1.2976232346833216,1.2864425612041552
2.72,22.06,1.2864425612041552,1.2976232346833216
2.7600000000000002,22.1,1.2984992962150468,1.2864425612041552
2.7800000000000002,22.1,1.2880806024884255,1.2976232346833216
2.8000000000000003,22.12,1.2951175505272332,1.2921055241409096
2.82,22.12,1.2851813776347487,1.3012495120998477
2.84,22.14,1.2929846201391901,1.2929846201391901
2.86,22.14,1.2835403373454053,1.3026228502052501
2.9,22.18,1.3011246047700349,1.2880806024884255
2.94,22.18,1.283161394173064,1.3090991268408545
2.96,22.2,1.2921055241409096,1.3011246047700349
2.98,22.2,1.283161394173064,1.30822883943797
3.0,22.22,1.2921055241409096,1.2969971822141704
3.02,22.22,1.283161394173064,1.304618334682737
3.04,22.240000000000002,1.2921055241409096,1.294114174079134
3.06,22.240000000000002,1.283161394173064,1.3022484201895785
3.08,22.26,1.2924823389915505,1.2924823389915505
3.1,22.26,1.2840454538932904,1.3011246047700349
3.12,22.28,1.294114174079134,1.2895911424010893
3.14,22.28,1.2861904047118682,1.2969971822141704
3.16,22.3,1.2969971822141704,1.2861904047118682
3.2,22.3,1.2824032355881985,1.3011246047700349
3.22,22.32,1.2942396306703707,1.2895911424010893
3.24,22.32,1.2875767697972906,1.2969971822141704
3.2600000000000002,22.34,1.3001249951175688,1.2861904047118682
3.3000000000000003,22.34,1.2880806024884255,1.3001249951175688
3.3200000000000003,22.36,1.301624175641714,1.2875767697972906
3.36,22.36,1.2911002482559042,1.3001249951175688
3.38,22.38,1.305615146914104,1.2861904047118682
3.44,22.38,1.2911002482559042,1.3009996876951602
3.46,22.400000000000002,1.305615146914104,1.2861904047118682
3.52,22.400000000000002,1.2911002482559042,1.3009996876951602
3.54,22.42,1.305615146914104,1.2861904047118682
3.64,22.42,1.2849290204927162,1.304618334682737
3.66,22.44,1.3012495120998477,1.288584275384847
3.8200000000000003,22.44,1.283161394173064,1.3100931650062986
3.84,22.46,1.301998751560063,1.2926079241294763
