# s_m;x_m;y_m;psi_rad;kappa_radpm;vx_mps;ax_mps2
0.000000;4.280000;23.260000;-0.075238;-0.337378;2.000000;0.000000
0.199731;4.477392;23.238503;-0.141468;-0.329731;2.000000;0.000000
0.399462;4.673190;23.204082;-0.206343;-0.323002;2.000000;0.000000
0.599193;4.866662;23.157083;-0.270087;-0.317417;2.000000;0.000000
0.798925;5.057075;23.097850;-0.332944;-0.313130;2.000000;0.000000
0.998656;5.243699;23.026727;-0.395179;-0.310239;2.000000;0.000000
1.198387;5.425803;22.944059;-0.457065;-0.308792;2.000000;0.000000
1.398118;5.602654;22.850189;-0.518877;-0.308795;2.000000;0.000000
1.597849;5.773522;22.745462;-0.580891;-0.310213;2.000000;0.000000
1.797580;5.937674;22.630222;-0.643374;-0.312972;2.000000;0.000000
1.997312;6.094399;22.504800;-0.706479;-0.313636;2.000000;0.000000
2.197043;6.243051;22.369661;-0.769009;-0.309075;2.000000;0.000000
2.396774;6.383040;22.225534;-0.830819;-0.306413;2.000000;0.000000
2.596505;6.513826;22.073143;-0.892260;-0.305735;2.000000;0.000000
2.796236;6.634866;21.913207;-0.953694;-0.307088;2.000000;0.000000
2.995967;6.745620;21.746448;-1.015485;-0.310493;2.000000;0.000000
3.195699;6.845547;21.573587;-1.077999;-0.315932;2.000000;0.000000
3.395430;6.934105;21.395346;-1.141595;-0.323348;2.000000;0.000000
3.595161;7.010754;21.212447;-1.206620;-0.332626;2.000000;0.000000
3.794892;7.074953;21.025609;-1.273401;-0.343572;2.000000;0.000000
3.994623;7.126295;20.835375;-1.340182;-0.322703;2.000000;0.000000
4.194354;7.165458;20.642319;-1.399770;-0.281767;2.000000;0.000000
4.394086;7.193914;20.446896;-1.451233;-0.239295;2.000000;0.000000
4.593817;7.213172;20.249472;-1.494491;-0.196989;2.000000;0.000000
4.793548;7.224739;20.050416;-1.529638;-0.155801;2.000000;0.000000
4.993279;7.230127;19.850094;-1.556852;-0.116085;2.000000;0.000000
5.193010;7.230843;19.648876;4.706853;-0.077760;2.000000;0.000000
5.392741;7.228398;19.447127;4.694941;-0.040453;2.000000;0.000000
5.592473;7.224301;19.245217;4.690494;-0.003622;2.000000;0.000000
5.792204;7.220060;19.043512;4.693485;0.033300;2.000000;0.000000
5.991935;7.216905;18.842466;4.699768;0.029175;2.000000;0.000000
6.191666;7.214932;18.641917;4.705197;0.024949;2.000000;0.000000
6.391397;7.213964;18.441789;4.709760;0.020637;2.000000;0.000000
6.591128;7.213822;18.242008;-1.569739;0.016255;2.000000;0.000000
6.790860;7.214327;18.042498;-1.566937;0.011818;2.000000;0.000000
6.990591;7.215301;17.843185;-1.565027;0.007341;2.000000;0.000000
7.190322;7.216566;17.643993;-1.564013;0.002840;2.000000;0.000000
7.390053;7.217943;17.444848;-1.563897;-0.001671;2.000000;0.000000
7.589784;7.219255;17.245674;-1.564678;-0.006176;2.000000;0.000000
7.789515;7.220323;17.046395;-1.566292;-0.008742;2.000000;0.000000
7.989247;7.221056;16.846971;-1.567915;-0.007537;2.000000;0.000000
8.188978;7.221488;16.647421;-1.569299;-0.006338;2.000000;0.000000
8.388709;7.221669;16.447764;-1.570445;-0.005144;2.000000;0.000000
8.588440;7.221644;16.248022;4.711831;-0.003956;2.000000;0.000000
8.788171;7.221462;16.048213;4.711159;-0.002770;2.000000;0.000000
8.987902;7.221169;15.848358;4.710724;-0.001588;2.000000;0.000000
9.187634;7.220812;15.648478;4.710525;-0.000406;2.000000;0.000000
9.387365;7.220439;15.448592;4.710561;0.000775;2.000000;0.000000
9.587096;7.220097;15.248722;4.710834;0.001956;2.000000;0.000000
9.786827;7.219830;15.048884;4.711278;0.002160;2.000000;0.000000
9.986558;7.219650;14.849084;4.711682;0.001888;2.000000;0.000000
10.186289;7.219544;14.649316;4.712032;0.001616;2.000000;0.000000
10.386020;7.219503;14.449575;4.712327;0.001343;2.000000;0.000000
10.585752;7.219516;14.249854;-1.570617;0.001070;2.000000;0.000000
10.785483;7.219571;14.050149;-1.570431;0.000796;2.000000;0.000000
10.985214;7.219658;13.850454;-1.570299;0.000523;2.000000;0.000000
11.184945;7.219766;13.650763;-1.570222;0.000249;2.000000;0.000000
11.384676;7.219884;13.451071;-1.570199;-0.000024;2.000000;0.000000
11.584407;7.220001;13.251371;-1.570232;-0.000296;2.000000;0.000000
11.784139;7.220107;13.051661;-1.570300;-0.000386;2.000000;0.000000
11.983870;7.220198;12.851940;-1.570386;-0.000476;2.000000;0.000000
12.183601;7.220270;12.652211;-1.570490;-0.000566;2.000000;0.000000
12.383332;7.220319;12.452475;-1.570612;-0.000657;2.000000;0.000000
12.583063;7.220342;12.252737;-1.570752;-0.000747;2.000000;0.000000
12.782794;7.220336;12.052996;4.712275;-0.000837;2.000000;0.000000
12.982526;7.220296;11.853256;4.712099;-0.000927;2.000000;0.000000
13.182257;7.220218;11.653519;4.711904;-0.001017;2.000000;0.000000
13.381988;7.220101;11.453788;4.711692;-0.001107;2.000000;0.000000
13.581719;7.219939;11.254063;4.711471;-0.000948;2.000000;0.000000
13.781450;7.219741;11.054346;4.711345;-0.000314;2.000000;0.000000
13.981181;7.219530;10.854633;4.711345;0.000320;2.000000;0.000000
14.180913;7.219333;10.654921;4.711473;0.000955;2.000000;0.000000
14.380644;7.219173;10.455207;4.711727;0.001589;2.000000;0.000000
14.580375;7.219077;10.255489;4.712107;0.002222;2.000000;0.000000
14.780106;7.219069;10.055761;-1.570571;0.002856;2.000000;0.000000
14.979837;7.219175;9.856023;-1.569937;0.003489;2.000000;0.000000
15.179568;7.219420;9.656269;-1.569177;0.004122;2.000000;0.000000
15.379300;7.219830;9.456498;-1.568290;0.004754;2.000000;0.000000
15.579031;7.220424;9.256707;-1.567420;0.003291;2.000000;0.000000
15.778762;7.221148;9.056902;-1.567006;0.000848;2.000000;0.000000
15.978493;7.221906;8.857092;-1.567081;-0.001595;2.000000;0.000000
16.178224;7.222600;8.657289;-1.567644;-0.004038;2.000000;0.000000
16.377955;7.223133;8.457502;-1.568695;-0.006484;2.000000;0.000000
16.577687;7.223407;8.257743;-1.570234;-0.008932;2.000000;0.000000
16.777418;7.223325;8.058022;4.710922;-0.011385;2.000000;0.000000
16.977149;7.222789;7.858348;4.708404;-0.013843;2.000000;0.000000
17.176880;7.221701;7.658734;4.705395;-0.016306;2.000000;0.000000
17.376611;7.219965;7.459190;4.701895;-0.018583;2.000000;0.000000
17.576342;7.217562;7.259738;4.699101;-0.009425;2.000000;0.000000
17.776074;7.214786;7.060327;4.698136;-0.000253;2.000000;0.000000
17.975805;7.211999;6.860916;4.699000;0.008919;2.000000;0.000000
18.175536;7.209567;6.661468;4.701693;0.018078;2.000000;0.000000
18.375267;7.207853;6.461944;4.706211;0.027207;2.000000;0.000000
18.574998;7.207222;6.262303;-1.570635;0.036288;2.000000;0.000000
18.774729;7.208039;6.062508;-1.562483;0.045300;2.000000;0.000000
18.974461;7.210668;5.862519;-1.552529;0.054215;2.000000;0.000000
19.174192;7.215472;5.662297;-1.540788;0.063000;2.000000;0.000000
19.373923;7.222799;5.461916;-1.527835;0.056127;2.000000;0.000000
19.573654;7.232308;5.261502;-1.520113;0.020917;2.000000;0.000000
19.773385;7.242666;5.060993;-1.519428;-0.014084;2.000000;0.000000
19.973116;7.252452;4.860537;-1.525774;-0.049216;2.000000;0.000000
20.172847;7.260248;4.660281;-1.539192;-0.084789;2.000000;0.000000
20.372579;7.264632;4.460375;-1.559754;-0.121008;2.000000;0.000000
20.572310;7.264185;4.260967;4.695635;-0.157890;2.000000;0.000000
20.772041;7.257486;4.062204;4.660530;-0.195167;2.000000;0.000000
20.971772;7.243116;3.864235;4.618103;-0.232186;2.000000;0.000000
21.171503;7.219655;3.667208;4.568457;-0.267826;2.000000;0.000000
21.371234;7.185720;3.471118;4.513354;-0.278216;2.000000;0.000000
21.570966;7.140836;3.276624;4.457798;-0.278688;2.000000;0.000000
21.770697;7.085101;3.084620;4.401869;-0.281039;2.000000;0.000000
21.970428;7.018610;2.895911;4.345245;-0.285188;2.000000;0.000000
22.170159;6.941460;2.711306;4.287620;-0.291031;2.000000;0.000000
22.369890;6.853744;2.531609;4.228700;-0.298434;2.000000;0.000000
22.569621;6.755560;2.357626;4.168216;-0.307208;2.000000;0.000000
22.769353;6.647001;2.190165;4.105926;-0.317103;2.000000;0.000000
22.969084;6.528163;2.030032;4.041625;-0.327781;2.000000;0.000000
23.168815;6.399143;1.878033;3.975165;-0.338712;2.000000;0.000000
23.368546;6.260362;1.735105;3.908541;-0.330197;2.000000;0.000000
23.568277;6.112311;1.601469;3.843423;-0.322915;2.000000;0.000000
23.768008;5.955773;1.477504;3.779540;-0.317103;2.000000;0.000000
23.967740;5.791533;1.363590;3.716593;-0.312928;2.000000;0.000000
24.167471;5.620375;1.260108;3.654267;-0.310496;2.000000;0.000000
24.367202;5.443084;1.167436;3.592236;-0.309867;2.000000;0.000000
24.566933;5.260444;1.085956;3.530166;-0.311062;2.000000;0.000000
24.766664;5.073240;1.016046;3.467726;-0.314065;2.000000;0.000000
24.966395;4.882256;0.958087;3.404587;-0.318816;2.000000;0.000000
25.166127;4.688129;0.912426;3.340504;-0.321482;2.000000;0.000000
25.365858;4.491441;0.879271;3.276816;-0.317055;2.000000;0.000000
25.565589;4.293186;0.858627;3.214016;-0.313052;2.000000;0.000000
25.765320;4.094053;0.850390;3.151964;-0.309649;2.000000;0.000000
25.965051;3.894730;0.854458;3.090501;-0.306973;2.000000;0.000000
26.164782;3.695903;0.870727;3.029453;-0.305109;2.000000;0.000000
26.364514;3.498262;0.899096;2.968639;-0.304101;2.000000;0.000000
26.564245;3.302492;0.939462;2.907872;-0.303956;2.000000;0.000000
26.763976;3.109283;0.991721;2.846970;-0.304644;2.000000;0.000000
26.963707;2.919322;1.055772;2.785755;-0.306098;2.000000;0.000000
27.163438;2.733501;1.131406;2.724405;-0.304262;2.000000;0.000000
27.363169;2.552488;1.218324;2.663520;-0.302452;2.000000;0.000000
27.562901;2.377009;1.316124;2.602739;-0.302952;2.000000;0.000000
27.762632;2.207895;1.424365;2.541658;-0.305750;2.000000;0.000000
27.962363;2.045977;1.542606;2.479877;-0.310811;2.000000;0.000000
28.162094;1.892083;1.670406;2.417002;-0.318065;2.000000;0.000000
28.361825;1.747046;1.807324;2.352655;-0.327393;2.000000;0.000000
28.561556;1.611693;1.952920;2.286475;-0.338601;2.000000;0.000000
28.761288;1.486857;2.106752;2.218137;-0.351394;2.000000;0.000000
28.961019;1.373367;2.268379;2.147363;-0.365336;2.000000;0.000000
29.160750;1.271705;2.437507;2.077435;-0.342475;2.000000;0.000000
29.360481;1.181639;2.613229;2.012263;-0.317319;2.000000;0.000000
29.560212;1.102547;2.794758;1.951971;-0.291586;2.000000;0.000000
29.759943;1.033809;2.981311;1.896520;-0.266323;2.000000;0.000000
29.959675;0.974801;3.172104;1.845758;-0.242234;2.000000;0.000000
30.159406;0.924904;3.366355;1.799459;-0.219736;2.000000;0.000000
30.359137;0.883494;3.563279;1.757354;-0.199020;2.000000;0.000000
30.558868;0.849951;3.762092;1.719161;-0.180114;2.000000;0.000000
30.758599;0.823652;3.962012;1.684600;-0.162939;2.000000;0.000000
30.958330;0.803978;4.162227;1.653441;-0.146404;2.000000;0.000000
31.158061;0.790240;4.362223;1.625936;-0.127849;2.000000;0.000000
31.357793;0.781644;4.562053;1.602276;-0.108640;2.000000;0.000000
31.557524;0.777394;4.761744;1.582530;-0.089022;2.000000;0.000000
31.757255;0.776694;4.961324;1.566741;-0.069172;2.000000;0.000000
31.956986;0.778747;5.160821;1.554931;-0.049209;2.000000;0.000000
32.156717;0.782758;5.360261;1.547109;-0.029201;2.000000;0.000000
32.356448;0.787931;5.559674;1.543281;-0.009183;2.000000;0.000000
32.556180;0.793469;5.759086;1.543446;0.010831;2.000000;0.000000
32.755911;0.798577;5.958526;1.547602;0.030836;2.000000;0.000000
32.955642;0.802507;6.158059;1.554663;0.034335;2.000000;0.000000
33.155373;0.805076;6.357672;1.561023;0.029380;2.000000;0.000000
33.355104;0.806475;6.557335;1.566395;0.024431;2.000000;0.000000
33.554835;0.806899;6.757040;1.570780;0.019489;2.000000;0.000000
33.754567;0.806547;6.956779;1.574180;0.014552;2.000000;0.000000
33.954298;0.805613;7.156543;1.576594;0.009622;2.000000;0.000000
34.154029;0.804296;7.356324;1.578025;0.004696;2.000000;0.000000
34.353760;0.802790;7.556113;1.578471;-0.000229;2.000000;0.000000
34.553491;0.801294;7.755902;1.577933;-0.005153;2.000000;0.000000
34.753222;0.800004;7.955683;1.576412;-0.010080;2.000000;0.000000
34.952954;0.799075;8.155454;1.574526;-0.008772;2.000000;0.000000
35.152685;0.798496;8.355211;1.572907;-0.007442;2.000000;0.000000
35.352416;0.798214;8.554954;1.571553;-0.006111;2.000000;0.000000
35.552147;0.798176;8.754688;1.570466;-0.004780;2.000000;0.000000
35.751878;0.798329;8.954412;1.569644;-0.003448;2.000000;0.000000
35.951609;0.798619;9.154131;1.569089;-0.002116;2.000000;0.000000
36.151341;0.798993;9.353845;1.568799;-0.000783;2.000000;0.000000
36.351072;0.799399;9.553557;1.568776;0.000549;2.000000;0.000000
36.550803;0.799782;9.753270;1.569019;0.001882;2.000000;0.000000
36.750534;0.800091;9.952985;1.569508;0.002642;2.000000;0.000000
36.950265;0.800299;10.152704;1.569997;0.002254;2.000000;0.000000
37.149996;0.800416;10.352426;1.570409;0.001866;2.000000;0.000000
37.349728;0.800459;10.552152;1.570743;0.001478;2.000000;0.000000
37.549459;0.800442;10.751880;1.570999;0.001089;2.000000;0.000000
37.749190;0.800383;10.951612;1.571178;0.000701;2.000000;0.000000
37.948921;0.800295;11.151347;1.571279;0.000313;2.000000;0.000000
38.148652;0.800195;11.351084;1.571303;-0.000075;2.000000;0.000000
38.348383;0.800098;11.550824;1.571249;-0.000463;2.000000;0.000000
38.548115;0.800019;11.750566;1.571118;-0.000851;2.000000;0.000000
38.747846;0.799973;11.950310;1.570936;-0.000832;2.000000;0.000000
38.947577;0.799961;12.150055;1.570792;-0.000612;2.000000;0.000000
39.147308;0.799972;12.349800;1.570692;-0.000392;2.000000;0.000000
39.347039;0.799999;12.549543;1.570635;-0.000172;2.000000;0.000000
39.546770;0.800034;12.749283;1.570623;0.000048;2.000000;0.000000
39.746502;0.800066;12.949018;1.570655;0.000268;2.000000;0.000000
39.946233;0.800087;13.148747;1.570730;0.000489;2.000000;0.000000
40.145964;0.800089;13.348468;1.570850;0.000709;2.000000;0.000000
40.345695;0.800063;13.548180;1.571013;0.000929;2.000000;0.000000
40.545426;0.800000;13.747881;1.571221;0.001146;2.000000;0.000000
40.745157;0.799895;13.947572;1.571401;0.000654;2.000000;0.000000
40.944888;0.799765;14.147257;1.571482;0.000161;2.000000;0.000000
41.144620;0.799628;14.346942;1.571465;-0.000332;2.000000;0.000000
41.344351;0.799504;14.546632;1.571349;-0.000825;2.000000;0.000000
41.544082;0.799414;14.746335;1.571135;-0.001318;2.000000;0.000000
41.743813;0.799376;14.946056;1.570823;-0.001810;2.000000;0.000000
41.943544;0.799410;15.145801;1.570412;-0.002301;2.000000;0.000000
42.143275;0.799535;15.345576;1.569904;-0.002792;2.000000;0.000000
42.343007;0.799773;15.545386;1.569297;-0.003283;2.000000;0.000000
42.542738;0.800141;15.745239;1.568618;-0.003011;2.000000;0.000000
42.742469;0.800625;15.945127;1.568190;-0.001265;2.000000;0.000000
42.942200;0.801159;16.145032;1.568112;0.000480;2.000000;0.000000
43.141931;0.801675;16.344929;1.568382;0.002226;2.000000;0.000000
43.341662;0.802101;16.544798;1.569002;0.003974;2.000000;0.000000
43.541394;0.802369;16.744614;1.569971;0.005726;2.000000;0.000000
43.741125;0.802408;16.944356;1.571290;0.007484;2.000000;0.000000
43.940856;0.802148;17.144002;1.572960;0.009249;2.000000;0.000000
44.140587;0.801520;17.343528;1.574983;0.011024;2.000000;0.000000
44.340318;0.800455;17.542911;1.577358;0.012809;2.000000;0.000000
44.540049;0.798899;17.742136;1.579699;0.008804;2.000000;0.000000
44.739781;0.796997;17.941245;1.580774;0.001995;2.000000;0.000000
44.939512;0.795016;18.140322;1.580493;-0.004823;2.000000;0.000000
45.139243;0.793226;18.339451;1.578854;-0.011625;2.000000;0.000000
45.338974;0.791896;18.538714;1.575863;-0.018385;2.000000;0.000000
45.538705;0.791295;18.738195;1.571527;-0.025078;2.000000;0.000000
45.738436;0.791694;18.937977;1.565856;-0.031676;2.000000;0.000000
45.938168;0.793361;19.138144;1.558864;-0.038153;2.000000;0.000000
46.137899;0.796566;19.338779;1.550571;-0.044479;2.000000;0.000000
46.337630;0.801578;19.539969;1.540997;-0.050897;2.000000;0.000000
46.537361;0.808840;19.742011;1.527763;-0.080075;2.000000;0.000000
46.737092;0.819383;19.944069;1.508555;-0.109953;2.000000;0.000000
46.936823;0.834396;20.145531;1.483225;-0.141062;2.000000;0.000000
47.136555;0.855066;20.345784;1.451564;-0.173780;2.000000;0.000000
47.336286;0.882580;20.544218;1.413325;-0.208270;2.000000;0.000000
47.536017;0.918125;20.740218;1.368265;-0.244377;2.000000;0.000000
47.735748;0.962888;20.933174;1.316189;-0.281504;2.000000;0.000000
47.935479;1.018058;21.122473;1.257016;-0.318483;2.000000;0.000000
48.135210;1.084820;21.307503;1.190863;-0.353488;2.000000;0.000000
48.334942;1.164195;21.487338;1.118861;-0.367481;2.000000;0.000000
48.534673;1.256377;21.661182;1.048143;-0.351382;2.000000;0.000000
48.734404;1.360887;21.829030;0.980118;-0.336874;2.000000;0.000000
48.934135;1.476935;21.990311;0.914452;-0.324360;2.000000;0.000000
49.133866;1.603731;22.144455;0.850765;-0.314093;2.000000;0.000000
49.333597;1.740486;22.290893;0.788652;-0.306221;2.000000;0.000000
49.533329;1.886411;22.429056;0.727689;-0.300828;2.000000;0.000000
49.733060;2.040716;22.558372;0.667447;-0.297954;2.000000;0.000000
49.932791;2.202611;22.678273;0.607489;-0.297617;2.000000;0.000000
50.132522;2.371308;22.788189;0.547377;-0.299823;2.000000;0.000000
50.332253;2.546340;22.887734;0.486819;-0.300604;2.000000;0.000000
50.531984;2.726847;22.976401;0.426364;-0.300707;2.000000;0.000000
50.731715;2.911988;23.053839;0.365907;-0.301897;2.000000;0.000000
50.931447;3.101075;23.119793;0.305228;-0.304197;2.000000;0.000000
51.131178;3.293423;23.174007;0.244106;-0.307592;2.000000;0.000000
51.330909;3.488343;23.216223;0.182324;-0.312031;2.000000;0.000000
51.530640;3.685147;23.246186;0.119677;-0.317411;2.000000;0.000000
51.730371;3.883150;23.263641;0.055972;-0.323581;2.000000;0.000000
51.930102;4.081663;23.268331;-0.008955;-0.330330;2.000000;0.000000
52.129834;4.280000;23.260000;-0.075238;-0.337378;2.000000;0.000000
