epoch,loss,steer_loss,speed_loss,learning_rate
337,0.00022115592508050222,0.00017303314703793013,0.0009624555393635669,0.0014875844516841433
338,0.00026492961499052314,0.00021069997741523085,0.0010845927324659565,0.001498893491914934
339,0.0002921775249148519,0.0002331099883385577,0.0011813507337018708,0.0014961637929211424
340,0.0002545510980661819,0.00020189065824558733,0.0010532087762840092,0.0014934291974971544
341,0.0002545529384439794,0.0002036546598834253,0.0010179655422419913,0.0014906641075518872
342,0.00029450716775264246,0.00023820724217566076,0.001125998487825402,0.0014879451887646169
343,0.00026742918903734883,0.00021210408600364926,0.001106502044626085,0.0014852215442232657
344,0.00027977977498547637,0.00022579372450317665,0.0010797209742862,0.0014824423974513976
345,0.00031780456696718894,0.0002522627345805867,0.0013108366228051535,0.0014796579254590652
346,0.0002740031247931341,0.00022106712324181397,0.0010587199891386467,0.0014769456992590757
347,0.00024408672960196562,0.00019484463625992258,0.0009848418293050794,0.001474152225513403
348,0.0002287965974820534,0.00018045891471540069,0.0009667536273172177,0.0014713794440971391
349,0.00026533340995363823,0.00021467923108031283,0.0010130835693821104,0.001468576034188292
350,0.0002446938362683997,0.0001943828298223067,0.0010062201216459034,0.0014658197199461666
351,0.0002649838276747092,0.00021269013773362702,0.0010458737553018973,0.0014630588964538768
352,0.000249440299518946,0.000198888463766758,0.001011036694099883,0.0014602421020043132
353,0.00026253926177143564,0.00021151913335126885,0.0010204025684033356,0.001457446351160027
354,0.00022961357110680438,0.0001793153881569715,0.0010059636565486717,0.0014546460898611673
355,0.0002364136976380164,0.00018594353416658663,0.0010094032403584505,0.0014518151124105056
356,0.0002418281342047353,0.00018779660974730546,0.0010806304605837256,0.001449031904321745
357,0.0003024126187517174,0.00024981061832713076,0.001052039970646648,0.0014462182789512488
358,0.0003036992632833997,0.0002480182170032341,0.0011136209394752318,0.001443426367962567
359,0.0002676857134629755,0.00021457749271491176,0.001062164405713328,0.001440578105163274
360,0.0006158586309147808,0.0005302406000473893,0.001712360577092062,0.001437751368925339
361,0.0004285580126398364,0.00035900171443009404,0.0013911259186527416,0.0014348938398996397
362,0.0010596401831814244,0.0008191410604383607,0.004809982374556259,0.0014320847367877952
363,0.0007096134442555787,0.0005931242636439425,0.0023297835281549917,0.0014292451425502368
364,0.0006248796368405843,0.0005327034588036542,0.0018435234933686271,0.0014264013189970073
365,0.000613034152856671,0.0005238109445591049,0.0017844641817272337,0.0014235796842581323
366,0.0005206983984896431,0.000440044877231466,0.00161307039605971,0.001420674668746425
367,0.0004343243011721697,0.0003615684376727076,0.0014551172191255386,0.0014178712226797846
368,0.0004104269578972414,0.0003362984142742755,0.001482570858859396,0.00141498454696479
369,0.0003773815161972986,0.00031011533652687193,0.0013453235454242666,0.0014120932126482084
370,0.00041340383081958046,0.0003439467578471386,0.0013891414431289326,0.0014092777322388206
371,0.0005093507319645277,0.0004320898900846472,0.001545216876493384,0.001406378768699295
372,0.00040243621333502233,0.0003349507464412858,0.0013497093023033813,0.0014034752318457622
373,0.00038951224561510866,0.00032135918595018647,0.0013630611476027103,0.0014006479697006124
374,0.00034571132467438775,0.00028434347270242007,0.0012273569850044118,0.001397710001508579
375,0.0003648658648076702,0.000302665591105018,0.001244005455829151,0.001394875025733079
376,0.0003212564103969016,0.00026317208811692965,0.001161686423839566,0.0013919561610135473
377,0.0003112813139064499,0.0002541950396283869,0.001141725473865327,0.0013890599515158511
378,0.00029411964351311326,0.000239925452907326,0.0010838837906278704,0.001386159913310154
379,0.0003776622056816618,0.00031395011791135875,0.0012742417554060619,0.0013832289188035324
380,0.00033536250878198726,0.00027816310399362854,0.0011439880756235518,0.00138034821468234
381,0.000289794962655934,0.00023647786387031105,0.0010663419456991338,0.0013774368636448604
382,0.0002910416844196478,0.00023721608022667432,0.0010765120827714765,0.0013745488080440275
383,0.00027719789693810953,0.00022386215808344395,0.0010667147415975178,0.0013716033048520211
384,0.0002860348325148747,0.00023404618118080163,0.0010397730294014458,0.0013686809028363935
385,0.0002823646302787446,0.0002289021246021016,0.001069250108590701,0.0013657822380181703
386,0.0002642197695737008,0.00021372761210985917,0.0010098431462848506,0.0013627978547959515
387,0.0002641276688437857,0.00021268425957209224,0.0010288681701408845,0.0013598646304794934
388,0.0002620192142246567,0.00021130169712975017,0.001014350328424135,0.0013569550768821105
389,0.0002599496086493622,0.0002091253797439902,0.001016484556347567,0.0013540420793056191
390,0.00025548480171492654,0.00020450932469064475,0.0010195095040378482,0.0013510713764115002
391,0.0002645469091399616,0.00021155310051339444,0.001059876141795523,0.0013481242093642235
392,0.00026192832599441894,0.00020730020618446989,0.0010925623782470856,0.0013451736216988886
393,0.0002585491352222579,0.00020615858958544263,0.0010478109003809052,0.0013422472657173756
394,0.00026665150181981044,0.00021485505621293905,0.0010359289056699101,0.001339206732099102
395,0.0005649782067967718,0.0004355937715649178,0.002587688588493756,0.0013363288017980185
396,0.000895442888173016,0.0007425378167277409,0.0030581013475225686,0.001333309937461245
397,0.0006458265747696545,0.0005413919181898062,0.0020886931403009132,0.001330397637327072
398,0.000490705171681906,0.00040506509510494115,0.0017128014550070038,0.0013273721354733425
399,0.00042432068585185334,0.00034520199255051986,0.0015823738568643522,0.001324425948309825
400,0.00038338325282017685,0.0003084604202875333,0.0014984566440506132,0.0013214490571511743
401,0.0003824925858518718,0.00031134281560417403,0.0014229953856420678,0.001318496618696621
402,0.00034204506501337844,0.0002748585088781264,0.001343731080817285,0.0013154860987480788
403,0.0003398673439665732,0.00027477839763310775,0.0013017789010687179,0.0013124719094030728
404,0.0003137108627772046,0.0002517477145051871,0.0012392629719683117,0.0013095379357950302
405,0.00029756423906275185,0.0002356578240842367,0.0012381282780824282,0.0013065181346755288
406,0.0003042936402413977,0.000243457547319984,0.0012167218200273863,0.001303494753640907
407,0.00030243186941974,0.00024074342272123667,0.001233768962265458,0.0013005241534741166
408,0.00029125147287871825,0.00023141842319563256,0.0011966609925837947,0.001297522858328784
409,0.00028098364106039997,0.00022103777413678608,0.0011989173254163535,0.0012945464770682538
410,0.0002630258583687855,0.00020481699433832682,0.0011641772523213387,0.0012915118098169038
411,0.0002634265595891823,0.00020811151780772316,0.0011063008257931667,0.0012884737124957885
412,0.0002861169224262186,0.00022725874441675842,0.0011771635092575,0.0012854888156689647
413,0.00027721307920966574,0.00021672962142576716,0.001209669126302143,0.0012825011741804358
414,0.00037164086063618765,0.00030929740791961935,0.0012468690472594072,0.0012794551583900392
415,0.0004349234253890312,0.000366294946784533,0.0013725695502620915,0.0012764058330234503
416,0.00035447323701353137,0.0002920658114936342,0.001248148460078236,0.0012734380446339758
417,0.0003020313404165251,0.0002449202744443297,0.0011422213240250669,0.0012703555389832898
418,0.00027949417120925037,0.00022495394673527035,0.0010908044560237952,0.0012673825277299165
419,0.00026854564964544966,0.00021539432571648193,0.0010630264467555402,0.0012643230096934628
420,0.0002639706271850704,0.0002106473298779271,0.0010664659339029376,0.001261288703537063
421,0.00024765575438289453,0.00019526540247035746,0.001047807018039748,0.0012582234485945046
422,0.0002551814290604347,0.00020253406048006446,0.00105294735624705,0.0012552121935218456
423,0.0002490809429643641,0.00019774034920705605,0.0010268118514822988,0.0012521984900527186
424,0.00026690086828980213,0.0002150443397113122,0.0010371305403438142,0.0012490977689251313
425,0.00025080103374404015,0.00019942133457053922,0.0010275939641581308,0.0012461074125687554
426,0.000240971683524549,0.0001917125012700568,0.000985183622513976,0.0012430302730987702
427,0.00024937620350033496,0.00019869150923810917,0.0010136938711005985,0.0012399787189173077
428,0.00024846815651012843,0.00019672835339839946,0.0010347960712105279,0.00123692482222422
429,0.00025271288884660037,0.00019887817644668638,0.0010766942080145127,0.0012338686134639172
430,0.00025478278985247016,0.00020222299409161442,0.0010511959076716772,0.0012307815284167821
431,0.00023732254938244228,0.00018720415616125112,0.0010023678404879625,0.0012277774671090734
432,0.00025115993633326666,0.0002003407152587217,0.0010163844048989954,0.0012246864195677345
433,0.00025044519497896545,0.0001992704713942388,0.0010234944477108205,0.001221592610924456
434,0.0002497521394010012,0.00019939216811811397,0.0010071994019435133,0.0012185536902821717
435,0.00022983553840574226,0.0001808229064629805,0.0009802526204953422,0.001215512679957152
436,0.00023038078227357431,0.00018052692010112677,0.000997077241613119,0.0012123842605828304
437,0.0002658529478207196,0.0002123467665350526,0.0010701236114814324,0.0012093391036932031
438,0.00023001514841143093,0.00018005703909651193,0.0009991621716104657,0.0012062919472881535
439,0.00025681667735895006,0.000204629009641832,0.0010437533279333297,0.0012031573035719114
440,0.00023345377475184292,0.00018452931911941338,0.0009784891123085927,0.0012001347076726263
441,0.00023430932594271358,0.0001851144809026866,0.000983896881128506,0.0011969960706075323
442,0.0002622342873560526,0.00021037153626855237,0.0010372549696623077,0.0011939696868557364
443,0.0002466765921174859,0.00019790223214605012,0.0009754871692469654,0.001190827181598239
444,0.0002498041099493599,0.000197600144221926,0.0010440792845016673,0.001187768536883814
445,0.000236334097154314,0.00018767033457657413,0.0009732752321185588,0.0011846794932082688
446,0.00023013480738236211,0.0001827296630232421,0.0009481028572625751,0.0011816172852650616
447,0.00022534271388226275,0.0001768383056144187,0.0009700881181978966,0.001178467419704099
448,0.00024017859296118668,0.0001918077040399011,0.0009674177510903435,0.0011754017380603058
449,0.00022514938151558722,0.00017704442210810225,0.0009620991738672644,0.0011723057144042291
450,0.00023667118756892595,0.0001868341104769383,0.0009967415236158592,0.0011692367127564222
451,0.00022931440997755624,0.00018301130242256238,0.000926062140491939,0.0011661089626130703
452,0.0002208385762464281,0.00017248537854660148,0.0009670639451036954,0.0011629790399494111
453,0.00021117491996847093,0.00016432311803387547,0.000937036024275993,0.0011599339839756654
454,0.000237747314342953,0.00018747985793904972,0.0010053491049027933,0.0011567724474730184
455,0.00023216765662807554,0.0001830924020141198,0.0009815050609992973,0.0011537243905528438
456,0.00022032748010705863,0.00017290858226328123,0.000948377939022504,0.0011505598029109192
457,0.00022846287460214344,0.0001810232532878676,0.000948792414045588,0.0011475088665887862
458,0.00022730198462441977,0.00017755211431196786,0.0009949974011289196,0.0011443413539988388
459,0.00022263709353056684,0.0001739793456012935,0.0009731549387786934,0.0011412588452215115
460,0.00021976535100731308,0.00017293094990438677,0.0009366880179657999,0.001138146175965467
461,0.00021212984479759237,0.0001659817201037517,0.0009229624770129116,0.0011350610186657427
462,0.00023209902313189737,0.0001813100497771455,0.0010157794268392723,0.0011319171561167962
463,0.00022908922255737707,0.0001791660530148807,0.0009984633937973639,0.0011287714655149137
464,0.00022592683678773607,0.00017702272238680946,0.0009780822544267279,0.0011257114100625435
465,0.00022157701697944724,0.00017436846906306204,0.000944170937383826,0.0011225638106140156
466,0.00021856437807501707,0.0001703543233209833,0.0009642010756781221,0.0011194144774584116
467,0.00021715717559906645,0.0001691057904765976,0.0009610276755215339,0.0011163509711423242
468,0.0002103733868777717,0.00016321757279018757,0.000943116238231936,0.0011131999171991665
469,0.00024591600814810073,0.000193151405942187,0.001055292051531515,0.0011101056170512412
470,0.0002435625058318114,0.00019461206476275905,0.000979008818661063,0.0011069226702940301
471,0.00021730116996978823,0.0001697709759119553,0.0009506038595982655,0.0011037971004668123
472,0.0002202444510462598,0.00017420724135628796,0.0009207441876794725,0.001100728453653048
473,0.0001998642840581537,0.0001566713223931223,0.0008638592235086851,0.0010975722706157297
474,0.00020933201864022308,0.00016445434972139024,0.000897553360560761,0.0010944438480460321
475,0.0002042907162157698,0.00015641052821727634,0.0009576037490559327,0.0010912852837727334
476,0.0002057023038004344,0.00015972912681010913,0.0009194635190565519,0.0010881840881892821
477,0.00021220400574545946,0.00016693339845611868,0.0009054121134492258,0.0010850530841393182
478,0.00021800902581264517,0.0001715065751069173,0.0009300489882747077,0.001081950283770236
479,0.000207019617787027,0.00016152438340179848,0.0009099046600967315,0.0010787889842134308
480,0.000221230549409781,0.000174945164591544,0.0009257076533889903,0.0010756556797400147
481,0.00022192669691839995,0.00017720239906610972,0.000894485932565947,0.0010725216708974885
482,0.0002009638813736577,0.00015633583320272414,0.000892560934297998,0.0010693576897596083
483,0.00020263038064836236,0.0001596275840235317,0.000860055911280737,0.0010662804273673164
484,0.00021096517317615776,0.00016515485522514036,0.0009162063386409298,0.001063086420038985
485,0.0002010589168748653,0.0001568530458264993,0.0008841174057354088,0.00106000798971059
486,0.0002086650367057012,0.0001638466841133233,0.0008963670181197541,0.0010568421548833174
487,0.00019995107518129603,0.00015777096248509933,0.000843602233241351,0.0010536752506496792
488,0.00020607678852344331,0.0001616560147909848,0.0008884154659452212,0.0010505952985971725
489,0.00021147579469403286,0.00016779020289605897,0.0008737118147716197,0.0010473986593736427
490,0.00021256972607508058,0.00016927744201264807,0.0008658456725447012,0.0010443178463507526
491,0.0002028482899900323,0.00015996814545360394,0.0008576028531698048,0.0010411203774065444
492,0.00019937814768212283,0.00015603169982721942,0.0008669289307142216,0.0010380388262639251
493,0.00019030964506749082,0.00014581432845227904,0.0008899063180218002,0.0010348406551014704
494,0.00021709774194244314,0.00017129350945416027,0.0009160846219755411,0.0010317294104077817
495,0.00020246966861658426,0.0001568420073148037,0.0009125532099877041,0.0010286179041593178
496,0.00019432401744847152,0.0001501132097069381,0.0008842161261310577,0.0010254189187964158
497,0.00018418776853310344,0.00014227463836046197,0.0008382625833249468,0.0010223360600071824
498,0.000190308972446261,0.00014743548679213415,0.0008574696948586432,0.0010191660490028245
499,0.00018344836518446975,0.00013891426338019964,0.0008906820016776029,0.0010160247093723173
500,0.0001904287351845877,0.00014823970029121875,0.0008437806971873827,0.0010128832598360702
501,0.00018954119224400966,0.0001470502339981505,0.0008498191395860717,0.0010097123713636467
502,0.00019078172873479262,0.0001474473509140942,0.0008666875542581289,0.001006599884458265
503,0.0001821738970412062,0.00014069951450639765,0.0008294876118910637,0.0010034582931109626
504,0.0001847686171373918,0.00014321774499442984,0.0008310174306193106,0.0010003458056336374
505,0.00018385246942237575,0.00014108233072220513,0.000855402768291446,0.0009971754596925795
506,0.00018854893702761424,0.00014734359643221574,0.0008241068009940338,0.0009940046495091406
507,0.0001837209461525596,0.00014119334551549264,0.0008505520021334012,0.0009909214805002165
508,0.00018164849427754982,0.00014061661047924085,0.0008206376680782256,0.000987751465092652
509,0.00019076734726560836,0.00014971525625797868,0.000821041791857203,0.0009845810812035844
510,0.0001832583280515239,0.00014298136572344838,0.000805539229153612,0.000981498418501981
511,0.00017062045568578738,0.00013033093529412764,0.0008057903865442818,0.0009782996679264906
512,0.00017855425199894147,0.00013710029030743133,0.0008290792143823161,0.0009752174964218035
513,0.0001916653139536114,0.0001495650095522352,0.0008420060721282089,0.0009720193193531744
514,0.0001897095094944098,0.0001468880373492802,0.0008564294241347011,0.0009689377619502277
515,0.00018609123350454008,0.00014543157457384915,0.0008131931603899242,0.0009657696237511631
516,0.0001908137119581052,0.0001482127201463165,0.0008520198171027005,0.0009626013406263575
517,0.00017011332748322877,0.0001304237237695178,0.0007937920545543343,0.0009595209347676624
518,0.00017330843413084813,0.00013330669382951413,0.0008000347923126794,0.0009563247493503214
519,0.0002820469870419181,0.00022156636783348345,0.0012096123613208254,0.000953245264737577
520,0.00036716766394588547,0.0003025617195278216,0.0012921188684197626,0.0009500500990510145
521,0.00032364719663746655,0.00026492875083392763,0.0011743689128370196,0.0009469426191966486
522,0.00031879515100391236,0.0002513127032283659,0.001349648937455775,0.000943806673667219
523,0.00026600465363992606,0.000212774599701597,0.0010646010746866046,0.0009407003661672782
524,0.00021737126924024238,0.00016950067307603872,0.0009574119060373589,0.0009375076221282901
525,0.00021866544203671723,0.00017260258796213576,0.000921257058643762,0.0009344316378680676
526,0.00019953310803540712,0.00015594454174295555,0.0008717713073531392,0.0009312695755762748
527,0.00020401738732255548,0.00016086623536129655,0.0008630230244037833,0.0009281077197616426
528,0.0001948824848394371,0.00015288858745730194,0.0008398779305068027,0.000925033899731764
529,0.00018547268276355075,0.00014452429301551697,0.0008189677779076495,0.0009218448988334732
530,0.00018115307541159372,0.0001396189274312058,0.0008306829465518349,0.0009187726748509443
531,0.00018705017147887566,0.00014474208385056246,0.000846161746637706,0.0009155853938022775
532,0.00018395223540008173,0.00014352109105352106,0.0008086228915123718,0.0009124859255255106
533,0.00018180985096949843,0.00014000862622062278,0.0008360244833898765,0.0009093584083577741
534,0.0001781632909788405,0.000139132613454691,0.0007806135435944101,0.0009062318446446374
535,0.0001787578074543961,0.00013837711385686244,0.0008076138374572447,0.0009031062655549299
536,0.00017510620778517073,0.00013560240599704061,0.0007900760069282518,0.0008999817022476667
537,0.00017911126286609567,0.00013950374745818237,0.0007921502827264143,0.0008968871024228522
538,0.00017460481251840032,0.0001353141004208872,0.0007858142286110066,0.0008937068412344898
539,0.00017214861481817316,0.00013259852658968225,0.0007910017382116321,0.0008906722105808854
540,0.00017236897171905838,0.0001335204999853648,0.0007769694243379321,0.0008874653444508867
541,0.00016345993659612118,0.00012550244442805975,0.0007591498223417955,0.0008843463380675554
542,0.00016482994777735792,0.0001279597962710345,0.0007374030070236034,0.0008812862604710788
543,0.0001678855379931324,0.00012912719769438155,0.000775166768439236,0.0008781410857972418
544,0.00017241085784305236,0.00013361862456974372,0.0007758446452022904,0.000875025769082933
545,0.0001624060970014092,0.00012483912553838412,0.0007513394156605806,0.000871911748086586
546,0.0001885246913325233,0.00014847981280845232,0.0008008975522575256,0.0008687990538519932
547,0.00017048048073639135,0.00013153866268248324,0.0007788363480222385,0.0008656877174097197
548,0.00017120424733244968,0.0001321597538090255,0.000780889846046867,0.0008625487114940136
549,0.00016934889969922584,0.00013091574833702503,0.0007686630116141816,0.0008594689730218641
550,0.00016690443930048583,0.00012738129310908283,0.0007904629110441343,0.0008563906586116177
551,0.00015957935170050728,0.00012272173422116735,0.000737152326194935,0.000853256569694871
552,0.0001644754306148065,0.00012558682094634236,0.0007777721684760763,0.0008501234843039007
553,0.00016284166277155573,0.0001248233107212905,0.0007603670343019918,0.0008470496799510348
554,0.00016314468313080355,0.00012444409931559446,0.000774011655632302,0.0008439774211863372
555,0.00016590419501746374,0.0001264110070661883,0.0007898637396124286,0.0008408206671542949
556,0.00020324705548302045,0.0001629718481800174,0.0008055041371672242,0.0008377516351917255
557,0.0001711416364648536,0.0001318957585902345,0.0007849175483804352,0.0008346842398012991
558,0.00016994251927826554,0.00013173517955120015,0.0007641468003351258,0.0008315325802959008
559,0.00017825094801082741,0.00013784591040651625,0.0008081007423849466,0.000828468596079446
560,0.00016828112361340404,0.0001285618330223736,0.0007943857972686938,0.0008253777282918985
561,0.00016331346591026954,0.00012439459051502463,0.0007783774905234437,0.000822288651165486
562,0.00015836902824720088,0.00011926947219218954,0.0007819911181082444,0.0008192299727477067
563,0.00015679746172315423,0.0001203624989877291,0.0007286992303205705,0.0008160874322588927
564,0.00014943657532686836,0.00011286727691593658,0.0007313859763785883,0.0008130610139980371
565,0.00014957436306019112,0.00011355248730026934,0.0007204374907185785,0.0008099511314830492
566,0.00015174827408415449,0.00011592072446419309,0.0007165509760793229,0.0008068714690518365
567,0.00014892275423874338,0.00011291884587720872,0.000720078163323234,0.0008037650277516966
568,0.00017869748632990564,0.00013735102112588248,0.0008269292864295292,0.000800717834256341
569,0.0001993730615837517,0.00016019735760033722,0.0007835140625323891,0.000797672639719254
570,0.00016412934982562783,0.0001269596186493463,0.0007433946051673114,0.0007945441810615202
571,0.00015522351814325133,0.00011980494421881745,0.0007083714639367622,0.00079153154335518
572,0.00015469574645976536,0.00011778054047479398,0.0007383040870923583,0.0007884073890755442
573,0.00015377255052347513,0.00011712609038686087,0.0007329291871024503,0.0007853705878526861
574,0.00015821092360797425,0.00012125349059243929,0.000739148639830226,0.0007823075847611141
575,0.00014963442798169262,0.00011389324161562534,0.0007148237112872906,0.000779246801698547
576,0.00015519012305486722,0.0001186556349205569,0.0007306897434183931,0.0007761882691780459
577,0.00016274596297686608,0.000122984838930683,0.0007952224747256238,0.000773132017690235
578,0.00018182290727121721,0.0001436160888530409,0.000764136365875048,0.0007700780777029997
579,0.00015464483914439807,0.00011906800935119261,0.0007115365854891328,0.0007670264796611824
580,0.00014993809869607772,0.00011421515120201986,0.0007144589370808615,0.0007639772539862774
581,0.0001480436818451168,0.0001129310910761896,0.0007022518066745947,0.0007609586312859928
582,0.00014421653405602186,0.00010960071554916658,0.0006923163369532988,0.0007578863046451622
583,0.00014762363612007731,0.00011361283518071504,0.0006802159963473764,0.0007548443781474558
584,0.0001467132385195642,0.00011154308295797853,0.0007034031139516977,0.0007518049454604868
585,0.00014903661348883099,0.00011300127985930749,0.000720706660350541,0.0007487680368844736
586,0.0001596401370224047,0.00012283866545598885,0.0007360294178643951,0.0007457336826944703
587,0.00015871176977857304,0.0001228935719401332,0.0007163639581287889,0.0007427019131400678
588,0.00014640400134643036,0.00011198810382969289,0.0006883179403260969,0.0007396444610167102
589,0.0001513397786358293,0.00011602042711537905,0.0007063870130011063,0.0007366739980343455
590,0.0001455875717170937,0.0001110236581578681,0.0006912782550006061,0.000733622414398065
591,0.0001484076257889751,0.00011372825349235001,0.0006935874263486154,0.0007306012853621232
592,0.00014485435571663806,0.00010813434066760776,0.0007344002893845485,0.0007275546955289617
593,0.00017515681424258694,0.0001344492021952451,0.000814152217554973,0.0007245949127189056
594,0.00018208768671212493,0.00014542968488563524,0.0007331600277716967,0.0007215262875042116
595,0.00017101588498378447,0.00013228178920177957,0.0007746819136189986,0.0007185441645471449
596,0.00015409361266291753,0.00011753742560190235,0.0007311237253209887,0.0007155370138423719
597,0.00014526148233671507,0.00011087200105534084,0.000687789596251656,0.0007125605527467343
598,0.00014147939380512912,0.00010786208821347453,0.0006723460906172154,0.0007095316589795859
599,0.00014270114082103613,0.00010787289849961073,0.0006965648356493114,0.0007065052463590932
600,0.00013993901120556984,0.00010626205103444927,0.0006735391886010162,0.0007035375670471593
601,0.00014166754082108577,0.00010776842331511586,0.0006779823305355124,0.0007005728376296564
602,0.0001359563799592379,0.00010315848346614653,0.0006559579097339448,0.0006975560143958777
603,0.00013829913107791207,0.00010585126187834248,0.0006489573616687705,0.0006945417959959637
604,0.00014081687651115417,0.00010727786408366498,0.0006707802249702918,0.0006915862042968092
605,0.00014420671915879075,0.00011019822479149163,0.000680169871311928,0.0006886061003055307
606,0.00014843139647849983,0.00011405854001227835,0.0006874571062045642,0.0006856567002496505
607,0.0001421879458014862,0.00010904417292728463,0.0006628754440201098,0.0006826556416247483
608,0.00013807325441146567,0.00010571191489922805,0.0006472267706608661,0.0006796850887821534
609,0.0001380418803078269,0.00010467690851698906,0.0006672994098119454,0.000676690062538755
610,0.00013833458600108833,0.0001053192320107874,0.000660307060358132,0.0006737809152413334
611,0.00014657396860894988,0.00011296037256316695,0.000672271910405942,0.0006707653522543394
612,0.0001441651312672076,0.00011177485278797879,0.000647805545221908,0.0006678353480513146
613,0.00014237199273473515,0.00010992296578209519,0.0006489805304294418,0.0006648813063678519
614,0.00014241966292266389,0.00010983410572441278,0.0006517111312994664,0.0006619306553403494
615,0.00014101581078971448,0.00010807551714215237,0.0006588058641112941,0.0006590106977829716
616,0.00015017362925896628,0.00011650098517916545,0.000673452853300626,0.0006560124018529987
617,0.00014197848322170255,0.000108648651633379,0.000666596608238608,0.0006531265491537195
618,0.0001441963646935177,0.00011132266550601208,0.0006574739672942087,0.0006501627995630585
619,0.00013507157278564873,0.00010241561750968413,0.000653119107015283,0.0006472295420489492
620,0.00013644114686165403,0.00010381003246746129,0.0006526222939197834,0.0006442724877877687
621,0.00013603698648188988,0.00010303500884792474,0.0006600395352641634,0.0006413735030545137
622,0.0001351943572890892,0.00010157916036611291,0.000672303923495764,0.0006385051200109566
623,0.00013345941725775547,0.00010117232189562249,0.0006457418937686641,0.0006354776906366315
624,0.0001318054895549452,0.00010029553521706946,0.0006301990700497603,0.0006326170853675989
625,0.00014145015868254833,0.00010671686110678517,0.0006946659361549084,0.0006297056653100053
626,0.0001365436540557615,0.00010333256998112322,0.0006642216662671503,0.0006267979865756514
627,0.00014014856505026628,0.00010580116944496424,0.0006869479019668587,0.0006238940781512945
628,0.00013272953704775622,9.955635747852891e-05,0.0006634635657839546,0.000620993968986107
629,0.00013337754158042285,0.00010114664632123163,0.0006446178878023704,0.0006180976879913847
630,0.00013183669733029364,0.00010040801447689985,0.0006285736397959762,0.0006152320279643758
631,0.00013831456601986214,0.0001053659591518765,0.0006589721188329686,0.0006122899984914213
632,0.00013228021121462023,0.0001003808618270766,0.0006379869659909995,0.0006094587940014781
633,0.0001437305124488409,0.00011238842583865065,0.0006268417157318456,0.0006065247681542379
634,0.00013158686834966295,0.00010017642564201188,0.0006282088378331163,0.0006037013326594939
635,0.00013400200728836217,0.00010110427780584411,0.0006579545704064734,0.0006008022562068084
636,0.00013420314469301416,0.0001018162478835115,0.000647737922446578,0.000597906787351792
637,0.00012765585745241106,9.633377432589252e-05,0.0006264416467429157,0.0005951217222576014
638,0.00012525459425416084,9.450814636861819e-05,0.0006149289397904391,0.0005921547444740907
639,0.00013709906719855652,0.00010505762233678469,0.0006408288847235093,0.0005893781895988071
640,0.00014961236916456578,0.00011674137968603409,0.0006574197608710232,0.000586473095659285
641,0.00013514103867001486,0.00010453626829850557,0.0006120953867476028,0.0005836513841078211
642,0.00013649458735556067,0.00010488860459224304,0.000632119635055359,0.0005808074825011645
643,0.00012806267821158853,9.720106882687778e-05,0.0006172321755676185,0.0005779678096855576
644,0.0001268525452528761,9.55923952561635e-05,0.0006252029744684007,0.0005751323939698055
645,0.00012526396137588932,9.44211397748202e-05,0.0006168564262528283,0.0005723012636202734
646,0.00013247949160171985,0.00010039578631213458,0.0006416740829438389,0.0005695006012186417
647,0.00013385502947657586,0.00010219064296226487,0.0006332877217182698,0.0005666522159260384
648,0.0001293310917866042,9.76995555069254e-05,0.0006326307178416211,0.0005638341104653742
649,0.00012718391580737834,9.611059822081761e-05,0.0006214663317897012,0.0005609941275046381
650,0.00012922614820194908,9.794609289873113e-05,0.0006256010992643989,0.0005582368701573248
651,0.00012715605468920075,9.617893615923604e-05,0.0006195423545513877,0.0005554062942344564
652,0.0001295791045658151,9.798674115793623e-05,0.0006318472491176886,0.000552605948893668
653,0.00013062813902959332,9.958659810999288e-05,0.0006208308008758144,0.0005497840055426927
654,0.00012103689314918247,9.090680817246687e-05,0.0006026016952226335,0.0005470185745353048
655,0.00013047902220337886,9.985849890008211e-05,0.0006124104479780404,0.000544257625004574
656,0.00012678295671422448,9.640259284222136e-05,0.0006076072735326037,0.000541423965811708
657,0.0001222287315851356,9.23098963981812e-05,0.0005983766883711774,0.0005386978842607125
658,0.00012495023287913248,9.500763580860205e-05,0.0005988519204667308,0.0005358995593694013
659,0.00012746055782136628,9.796100103240287e-05,0.0005899911351392533,0.0005331055184654901
660,0.00012228692934581045,9.247467035796338e-05,0.00059624517603475,0.0005303676403231323
661,0.00011701983418822272,8.785233654230574e-05,0.0005833499380295743,0.0005276088843412197
662,0.00012021023845860597,9.084507992493282e-05,0.0005873031740419618,0.0005248548874891693
663,0.00012117259265559605,9.083292348400896e-05,0.0006067933727872851,0.0005221056772216787
664,0.00012083489626227809,9.063973761335041e-05,0.0006039031546539196,0.000519361280945728
665,0.00012156038013859173,9.239567728646788e-05,0.0005832940420825644,0.0005166470699803268
666,0.00011497917822217223,8.522089979965972e-05,0.0005951655585468634,0.0005138617414211804
667,0.00012292181856065764,9.343318153561861e-05,0.0005897727245172535,0.0005111572494154127
668,0.00012010305113950313,8.958170736958791e-05,0.0006104268530314719,0.000508432382211513
669,0.00011652578945763202,8.764693807784675e-05,0.0005775770062731075,0.0005057124653087421
670,0.00012104578457149694,9.092881791056479e-05,0.0006023393251342457,0.0005029975258220522
671,0.00011821056243682837,8.767048079492176e-05,0.0006108016064542859,0.0005003126597709326
672,0.00011949846833818113,9.062506412710804e-05,0.0005774680668135635,0.0004975829211590849
673,0.00011463529861228178,8.557494082331821e-05,0.0005812071491770135,0.0004948578674167549
674,0.00011533762922099243,8.637321835207518e-05,0.0005792881994264496,0.0004922130106640032
675,0.00011552147465000782,8.703810549080023e-05,0.0005696673706722245,0.000489498667691737
676,0.00011401380585017182,8.522354602502202e-05,0.0005758051840227078,0.0004867890943279083
677,0.00012355928568770955,9.162235949554963e-05,0.000638738499859486,0.0004841345842334735
678,0.00012341048690886453,9.143628240138657e-05,0.0006394840711096702,0.0004814851709531722
679,0.00011947736078514238,8.87171563675527e-05,0.0006152040750238714,0.000478791734087347
680,0.00011977177765002805,9.020221868837819e-05,0.0005913911627770933,0.0004761280485792296
681,0.00011552254455577513,8.652710788159753e-05,0.0005799087208356255,0.00047346963541534904
682,0.00012068223569022612,9.176637916054999e-05,0.0005783171240628454,0.00047079175071258105
683,0.00012157339417477895,9.18202445446296e-05,0.0005950629814510521,0.0004681929952336644
684,0.00011649085517491815,8.795312482038965e-05,0.0005707545832907085,0.00046552629474294393
685,0.00011929686344821541,9.038113475307236e-05,0.0005783145650100239,0.0004628646154796052
686,0.00011693400852534502,8.711010007139853e-05,0.0005964781505830377,0.00046028169527592455
687,0.00011468046762241068,8.629642440980576e-05,0.0005676808540118616,0.00045760683759341514
688,0.00011620223860824306,8.735438779830958e-05,0.0005769570017827535,0.00045503460307373385
689,0.00011104576764477383,8.34957407749715e-05,0.000551000537109724,0.00045237088758434793
690,0.00011526437871604382,8.64350858709831e-05,0.0005765858451788383,0.0004497853020796058
691,0.00010919316345934591,8.16140689443205e-05,0.0005515818851325382,0.00044720514950635483
692,0.00011023872890444385,8.222918877096316e-05,0.000560190788933694,0.0004445826067449725
693,0.00011172775258374814,8.325727985383883e-05,0.000569409440787341,0.0004419653054748634
694,0.00011229549830281132,8.34201808548837e-05,0.0005775063236626997,0.0004394257417056497
695,0.00011664006221771814,8.702350444585807e-05,0.0005923311471412498,0.00043682019099730823
696,0.00011698248115896952,8.767006824132507e-05,0.0005862482428489792,0.0004342440131561845
697,0.00011168399746734563,8.369947479675627e-05,0.0005596904453358109,0.0004316495288686564
698,0.00011042607216508276,8.264135099592767e-05,0.0005556944144071541,0.00042913225266240785
699,0.00011392565802789586,8.640526906405014e-05,0.0005504077694366868,0.00042652583238141724
700,0.00011491903141151818,8.599317111602601e-05,0.0005785171942139114,0.0004240198507483893
701,0.000110244925640345,8.238854353064802e-05,0.0005571276296820126,0.00042144898391642793
702,0.00011197131715124231,8.411597688488352e-05,0.0005571067919352876,0.0004188836023685843
703,0.00011029908487684242,8.30672721927398e-05,0.0005446362576260293,0.0004163947498197695
704,0.0001104073341262405,8.268086464774238e-05,0.0005545293755620439,0.0004138415716992837
705,0.00010918412334393468,8.09746203837373e-05,0.0005641900274053181,0.0004112939591525884
706,0.00010600197543749134,7.789769828989753e-05,0.0005620855249999805,0.0004088224589896785
707,0.00011310227667895433,8.324970928195942e-05,0.0005970513322999892,0.0004062871986536985
708,0.0001123728370320923,8.377610578867866e-05,0.0005719346151669959,0.0004037575836818341
709,0.0001066230616507474,7.880929169240753e-05,0.0005562753899371104,0.00040128053497144313
710,0.0001049815257795638,7.805995243904397e-05,0.0005384314461783409,0.00039878632698809175
711,0.00010822387595789367,8.06464965288771e-05,0.0005515475813723735,0.0003963211731377201
712,0.00010475393786759082,7.781294176243978e-05,0.0005388199181955619,0.000393793111982737
713,0.00011511687003701673,8.623652221639336e-05,0.0005776069459405284,0.00039136296033313146
714,0.0001177134741333753,8.817001849416152e-05,0.0005908691037566987,0.00038884733581289496
715,0.00012401924493056764,9.501822739290117e-05,0.0005800203517053241,0.00038642921694982874
716,0.00010919104316369761,8.150114968612738e-05,0.000553797843575556,0.00038394906822768134
717,0.00010724276784730196,7.991296436804103e-05,0.0005465960578892868,0.00038149768204556506
718,0.00010579173990621048,7.869714919872643e-05,0.0005418918063977263,0.000379052511581344
719,0.00010713233152664457,8.025130187106867e-05,0.0005376205697196544,0.00037661358121101403
720,0.0001099595725106589,8.068103991964589e-05,0.0005855706413483212,0.0003741809152483626
721,0.00011832854351753404,8.717657580414665e-05,0.0006230393314878805,0.0003717545379447278
722,0.00010831588460186376,7.933520188358941e-05,0.0005796136449336902,0.00036931188591518034
723,0.00010987727843805991,8.221363630956344e-05,0.0005532728310099969,0.00036694285759279884
724,0.00010768525595760417,7.921900488267584e-05,0.0005693250093946373,0.0003645133795594774
725,0.00010705722674616464,7.879632050100775e-05,0.0005652181079032369,0.00036211239814783696
726,0.00010461636960928581,7.763363495218854e-05,0.0005396546741020561,0.0003597178257067106
727,0.00010538342027117594,7.902605621320954e-05,0.0005271472698411715,0.00035730739746221176
728,0.00010731459844685552,8.053800829487121e-05,0.0005355317922277489,0.0003549698202662969
729,0.00011920704780784044,9.127397465690422e-05,0.0005586614556747671,0.00035257280060135534
730,0.0001074002793757245,7.946911823764992e-05,0.0005586232061695882,0.000350204102115629
731,0.00010570194431407058,7.916048805243379e-05,0.000530829118630478,0.00034781988581475843
732,0.00010487027699397274,7.712188966656363e-05,0.0005549677329394466,0.0003454861081873372
733,0.00010603954974060364,7.807176741586441e-05,0.0005593556286788884,0.00034315878408826267
734,0.00011027003857405056,8.314375287720447e-05,0.000542525709448948,0.00034079482017925416
735,0.00010050747119681478,7.490083552747146e-05,0.000512132693647463,0.00033843719611073434
736,0.00010095034620156686,7.427005334860627e-05,0.0005336058484912614,0.0003361511491543698
737,0.00010251819804010512,7.638841451017326e-05,0.0005225956595827015,0.0003338073020239931
738,0.00010132062506171578,7.462481156566085e-05,0.0005339162511248745,0.00033146986914492615
739,0.00010241362103425792,7.540354217437782e-05,0.0005402015707453378,0.00032922487416092066
740,0.00010196227338854913,7.514472613197372e-05,0.0005363509332743922,0.000326836830426749
741,0.00010089553965102553,7.45293951290983e-05,0.0005273228823541474,0.0003245841957814107
742,0.00010315877668043842,7.709855212129339e-05,0.000521204470511021,0.0003223165314739163
743,0.00010135182899965137,7.432773687738788e-05,0.0005404818313965936,0.0003199922518288807
744,0.00010480114982885561,7.780208921486459e-05,0.0005399812124158195,0.0003177591935757313
745,0.00010512985156512716,7.836789612796295e-05,0.0005352390954882409,0.0003154488472602149
746,0.00010274243577781664,7.674870582130981e-05,0.0005198745887261972,0.0003132292601263161
747,0.00010097955617940523,7.525542891033812e-05,0.00051448252688545,0.0003109539774185134
748,0.00010371738089479213,7.804492714866582e-05,0.0005134490623580253,0.0003086853528046512
749,0.00010431597632721553,7.803782316960534e-05,0.0005255630456083062,0.00030648613813398447
750,0.00010472457547115887,7.807446164170633e-05,0.0005330022636540148,0.0003042110269755911
751,0.00010163572197699169,7.59761826177257e-05,0.0005131907707470452,0.00030200491764687144
752,0.00010132150095564107,7.437324290583126e-05,0.0005389651564150376,0.0002997851662810365
753,9.864453083234063e-05,7.30525854561603e-05,0.0005118388974096888,0.000297572445228218
754,9.902189079487773e-05,7.309924849660429e-05,0.0005184528299314143,0.00029536677654711505
755,0.0001081671656787943,8.066136827740895e-05,0.0005501159416949291,0.0002931681822261211
756,0.00010464955429996965,7.748215791261232e-05,0.0005433479180912026,0.0002909969432161587
757,0.00010026563663431661,7.404760668646092e-05,0.0005243605829092073,0.00028879249298221474
758,9.8591517261984e-05,7.230900690855278e-05,0.0005256501923819693,0.00028659493804790946
759,0.00010019675398696024,7.373070382999247e-05,0.0005293209934380786,0.0002844449858381618
760,0.00010084220196370518,7.381104970355173e-05,0.0005406230332112129,0.0002822820906676229
761,0.00010114012531001582,7.443027506924069e-05,0.0005341969978115435,0.0002801463272827408
762,0.00010234507961659997,7.590038094519438e-05,0.000528893964316165,0.00027797812182656605
763,0.00010496825559138729,7.910025894242582e-05,0.0005173599226177898,0.00027583690483184856
764,0.00010132969875366287,7.539469930702368e-05,0.0005186999789368422,0.00027370295689126074
765,0.00010454334164091119,7.778667151325391e-05,0.0005351333977025071,0.00027155645842578014
766,0.00010118456808311612,7.499638639138055e-05,0.0005237636192827964,0.00026947636008089316
767,0.0001017668011155803,7.677130172480786e-05,0.0004999099785183918,0.0002673252359730345
768,9.848928348893187e-05,7.24233402285824e-05,0.0005213188468823555,0.00026524009823871065
769,0.00010290592951976039,7.740773987650216e-05,0.0005099637815470083,0.00026314281385223073
770,9.952809425697153e-05,7.377941966734836e-05,0.0005149734743099543,0.000261052925067747
771,0.00010053215757970889,7.532485970187166e-05,0.0005041459439993237,0.0002589897007901352
772,9.832530118966753e-05,7.265312106198431e-05,0.000513443590449735,0.0002568955968086373
773,9.531678417126252e-05,6.992988235449755e-05,0.0005077380207054645,0.00025480873097570464
774,9.620359135927477e-05,7.01717550260515e-05,0.0005206367150768292,0.0002527677415231044
775,9.523301525966255e-05,6.969167561777301e-05,0.0005108267845418391,0.0002507341128740648
776,9.820023166025537e-05,7.243951244435326e-05,0.0005152143799660676,0.0002486702381752004
777,9.65102196156901e-05,7.132053172056287e-05,0.0005037937508960669,0.00024661369034071647
778,9.887382346929004e-05,7.334439426838364e-05,0.0005105885765252265,0.00024458378026262907
779,9.575875955542196e-05,7.042216583175575e-05,0.0005067318661868167,0.00024259848937390428
780,9.691539910299894e-05,7.14738749236382e-05,0.0005088304837232142,0.0002405839627156636
781,9.79708266666455e-05,7.245510448152243e-05,0.0005103144333665216,0.0002385583369782639
782,9.454155958771148e-05,6.986195641780864e-05,0.0004935920570060941,0.00023655879852932434
783,9.361409367862915e-05,6.921235494403751e-05,0.0004880347674838746,0.00023456692069942275
784,9.47889466934376e-05,7.022890454040694e-05,0.0004912008306645374,0.0002325642157332064
785,9.610445921909865e-05,7.072338940756326e-05,0.0005076213909267387,0.00023062432105949558
786,9.522607101812523e-05,7.012282460373676e-05,0.0005020649230381743,0.0002286190857994275
787,9.844894332302458e-05,7.341048684692295e-05,0.0005007691211681555,0.0002266762421994239
788,9.682294684157611e-05,7.164833518332653e-05,0.0005034922124931119,0.0002247410147156172
789,9.519603993106094e-05,7.027861209059673e-05,0.0004983485468813419,0.00022277763334696112
790,9.53357267573206e-05,7.024109235716653e-05,0.0005018926786191361,0.0002208399315477435
791,9.705119927590016e-05,7.132558978546768e-05,0.0005145121764127278,0.00021891004706953593
792,9.506319784796451e-05,7.018620197885428e-05,0.0004975399074282905,0.00021697007310904362
793,9.258615985648551e-05,6.802506460964516e-05,0.0004912218999514287,0.00021507364164999237
794,9.395777754851172e-05,6.918525635389933e-05,0.0004954504191322757,0.00021318493984183782
795,9.180422643516472e-05,6.732655401719967e-05,0.0004895534362327049,0.0002112513609906683
796,9.346908575901546e-05,6.797861007928279e-05,0.0005098095066892307,0.00020937839187083987
797,9.329785414287063e-05,6.866459236300777e-05,0.0004926652214533397,0.00020751320813152402
798,9.430586908151009e-05,6.962514065512464e-05,0.0004936145574078491,0.00020563882996155295
799,9.243574401306067e-05,6.778480175819475e-05,0.0004930188328573898,0.0002037372792631395
800,9.248558204473109e-05,6.807443097497066e-05,0.0004882230132352561,0.00020189601479259233
801,9.195823070142608e-05,6.686459966187142e-05,0.0005018726117635163,0.00020002809059692738
802,9.804831088926409e-05,7.286398711959205e-05,0.0005036864702254708,0.00019821957279336685
803,9.373021038019568e-05,6.907209528911485e-05,0.000493162300597624,0.00019636810881762745
804,9.59901240262466e-05,7.167970599968814e-05,0.0004862083498193425,0.0001945245392816852
805,9.24018981962282e-05,6.821887756950248e-05,0.0004836603987985943,0.00019273975739986278
806,9.614901419910084e-05,7.187986132824638e-05,0.00048538303909245533,0.00019089587289131867
807,9.376063257217606e-05,6.96100805052319e-05,0.00048301102624800815,0.00018911035388932598
808,9.222715504653968e-05,6.739064189820999e-05,0.0004967302561369622,0.00018731624382763043
809,9.424518552422741e-05,6.925247862029855e-05,0.0004998541300546239,0.00018554678449566456
810,9.202775288064947e-05,6.684901412275697e-05,0.0005035747486140786,0.00018373607328363387
811,8.827240169382464e-05,6.427044243335129e-05,0.0004800391745650106,0.00018198289389768563
812,9.001057029915198e-05,6.546321590037594e-05,0.0004909470784089839,0.00018022149641539799
813,9.36182737792411e-05,6.843854276262896e-05,0.0005035945997170293,0.0001784683211808176
814,9.244778138290039e-05,6.75586580082718e-05,0.0004977824647977724,0.00017672338567141383
815,9.174438962651956e-05,6.775129172340618e-05,0.000479861948542323,0.00017500274971175592
816,9.220133669659165e-05,6.792113776797447e-05,0.0004856039720252568,0.00017325845253631533
817,9.233709587769463e-05,6.749942015934114e-05,0.0004967535094490611,0.00017152230286662313
818,9.002729957838137e-05,6.582134025208049e-05,0.00048411916513604983,0.00016982638755634293
819,9.047295588970883e-05,6.593004551784058e-05,0.0004908581924812299,0.0001681229099538367
820,9.097151228288737e-05,6.637275054404581e-05,0.0004919752190009229,0.0001664434325841546
821,9.162673184080093e-05,6.762290430978519e-05,0.0004800765415590528,0.00016472542105131074
822,9.055668606042336e-05,6.670966124349636e-05,0.00047694049000576206,0.00016306260181223048
823,9.113764953892898e-05,6.619004458150571e-05,0.0004989520826745989,0.00016142344634907367
824,9.180355846183375e-05,6.724810856068071e-05,0.0004911089825191509,0.0001597156557590381
825,8.810616465645446e-05,6.369847101773808e-05,0.00048815386551100175,0.00015806256522442794
826,8.701270501289939e-05,6.321128047501488e-05,0.00047602848361647275,0.00015643310728055606
827,8.938301858439377e-05,6.586118657920722e-05,0.0004704366313624767,0.00015479684103925735
828,9.414082296218758e-05,6.861277312887876e-05,0.0005105609929941978,0.00015318408371406783
829,8.8190108255259e-05,6.409542291092091e-05,0.00048189370702150173,0.0001515347981288687
830,8.992556315002458e-05,6.590298554864407e-05,0.00048045154849163076,0.0001499538370365859
831,8.752771042997699e-05,6.382290047002714e-05,0.0004740961903061597,0.00014832189907529537
832,9.097267300401452e-05,6.659505787091028e-05,0.0004875522905354888,0.0001467429687177387
833,9.016133666322005e-05,6.571739103728087e-05,0.0004888789010953622,0.00014515779843574981
834,8.934231725370154e-05,6.543514858001068e-05,0.00047814336952240274,0.00014359575872217295
835,8.669574119132314e-05,6.357836144633e-05,0.00046234758297537663,0.00014199871054006903
836,8.713040754109812e-05,6.355259413276059e-05,0.0004715562563348196,0.00014046818062029082
837,8.882992152915972e-05,6.520202691296651e-05,0.0004725578767203455,0.0001388886732021984
838,8.993256309724665e-05,6.597293898513297e-05,0.00047919247272232914,0.00013737507663247857
839,9.084048877615986e-05,6.659406283679941e-05,0.00048492851076325594,0.00013582746395205414
840,8.935519433868657e-05,6.487968330985266e-05,0.0004895102158847056,0.00013430262257154173
841,8.972778085468167e-05,6.624293190203321e-05,0.0004696969680127141,0.00013277233246101902
842,8.701296211357758e-05,6.351079346805582e-05,0.0004700433630933663,0.00013127886489710473
843,9.427536592441263e-05,6.993168123962932e-05,0.00048687368607971054,0.000129793946939472
844,9.146509359554805e-05,6.727716676340326e-05,0.00048375854004287623,0.0001282902079093803
845,8.892410993195252e-05,6.48165307517455e-05,0.0004821515753081887,0.00012680891688136988
846,8.714403129316743e-05,6.317447607113347e-05,0.0004793910990866727,0.00012535010202191033
847,9.041403370280966e-05,6.617372289636276e-05,0.00048480620602344126,0.00012384520846195248
848,9.058512625976457e-05,6.57522770405908e-05,0.0004966569763595221,0.00012243093694330775
849,9.020642641256995e-05,6.673744219706687e-05,0.00046937967231820547,0.00012095797212892433
850,8.889511206723034e-05,6.47390448917846e-05,0.0004831213304391389,0.00011953395081873615
851,9.01270112284964e-05,6.634771240990453e-05,0.0004755859599159334,0.00011811859404210726
852,8.810469318343388e-05,6.456239685219295e-05,0.00047084592186484624,0.00011668582777650259
853,8.786423458567933e-05,6.36666146689364e-05,0.0004839523879640924,0.00011526183695931666
854,9.036287485848172e-05,6.676423218548429e-05,0.00047197284652398917,0.00011388582279681378
855,8.605734772707499e-05,6.298665785261956e-05,0.0004614137864067474,0.00011246693180747381
856,8.345972993858461e-05,6.067740789014216e-05,0.0004556464282611867,0.00011109559383851038
857,8.674815008244305e-05,6.365767154858515e-05,0.00046180955177566865,0.00010972030977925601
858,8.750965255182062e-05,6.339632805108276e-05,0.00048226647383085164,0.00010836656128999662
859,8.698817513235284e-05,6.312835160281759e-05,0.0004771964680306458,0.00010698400361415443
860,8.739431696422225e-05,6.382615255360078e-05,0.000471363277702713,0.00010564806245753765
861,8.812440569059941e-05,6.451426537258106e-05,0.0004722027969764215,0.00010432092171179084
862,8.607841416144587e-05,6.267644082675862e-05,0.0004680394581257949,0.00010297815146941282
863,8.991425971187234e-05,6.660105897604366e-05,0.0004662640081886115,0.00010165661962649161
864,8.621611936245312e-05,6.269215600696043e-05,0.0004704792583054398,0.00010033186916209429
865,8.811439323187221e-05,6.449724748723316e-05,0.00047234290399673966,9.904047300836502e-05
866,8.732194464330596e-05,6.422336157123019e-05,0.0004619716587215314,9.775794192262068e-05
867,8.749061042315723e-05,6.35453789409776e-05,0.0004789046082199396,9.644870660801466e-05
868,8.508700934557796e-05,6.158850438050986e-05,0.000469970087040026,9.518419265452356e-05
869,8.556209724923056e-05,6.208517189517347e-05,0.0004695384959823314,9.39285815038021e-05
870,8.762380797481251e-05,6.447634151750506e-05,0.0004629493273781595,9.265877615350142e-05
871,9.557378652297539e-05,6.536449008207355e-05,0.0006041859111671025,9.13980182025639e-05
872,8.838054724980827e-05,6.481311639719125e-05,0.0004713486080247633,9.0169523247026e-05
873,8.58208895296459e-05,6.257866066037329e-05,0.0004648445731694767,8.894998016420427e-05
874,8.571337518030002e-05,6.258914416119094e-05,0.00046248460493761404,8.770558871227943e-05
875,8.693740639703012e-05,6.288807216387122e-05,0.0004809866825747088,8.650423691155133e-05
876,8.685872897465877e-05,6.3093565788424e-05,0.00047530325372025363,8.530077168824584e-05
877,8.774307015199965e-05,6.402786293283161e-05,0.00047430413447997397,8.410647498089789e-05
878,8.869518895952301e-05,6.471178796992063e-05,0.0004796680051041332,8.293228984998765e-05
879,8.600339943195986e-05,6.301617324627134e-05,0.00045974450794919567,8.173458944831852e-05
880,8.665722897502646e-05,6.29188720672068e-05,0.00047476712828669135,8.057871455676436e-05
881,8.670605196433219e-05,6.265583333178829e-05,0.0004810043532483245,7.942121005734256e-05
882,8.682929135523911e-05,6.321310220045804e-05,0.0004723237660277208,7.828352252775103e-05
883,8.716656833644477e-05,6.281820276292981e-05,0.00048696729419839995,7.71339920611487e-05
884,8.638760207028337e-05,6.28579161635809e-05,0.0004705937096340991,7.600420239893469e-05
885,8.795678931904225e-05,6.462953619307524e-05,0.0004665450518434023,7.488367393052455e-05
886,8.498756533214457e-05,6.141543516069956e-05,0.00047144258316501837,7.377241782650846e-05
887,8.472374220303625e-05,6.172214750995834e-05,0.00046003188964558296,7.267044516503958e-05
888,8.543895323060139e-05,6.202582432290052e-05,0.00046826256428209837,7.157776693172505e-05
889,8.459415763592625e-05,6.11865590680086e-05,0.0004681519641503953,7.04943940195146e-05
890,8.266596025215997e-05,5.923713979427703e-05,0.00046857639979323184,6.94103432886879e-05
891,8.60110579836786e-05,6.266028412937885e-05,0.00046701547371749594,6.835551553361603e-05
892,8.698087144821499e-05,6.356831176519812e-05,0.00046825118019641593,6.730985310744179e-05
893,8.43668545645347e-05,6.131183642908043e-05,0.00046110035678052725,6.624443819768247e-05
894,8.254457450369547e-05,5.952219273971185e-05,0.0004604476248874205,6.522695070638948e-05
895,8.878152805655786e-05,6.54540649478141e-05,0.0004665492478949584,6.419016659275881e-05
896,8.772642903973322e-05,6.41488198043761e-05,0.00047155218100052254,6.318169812018542e-05
897,8.607152369358602e-05,6.29731171824817e-05,0.0004619681243741206,6.215429739518313e-05
898,8.45779281411928e-05,6.178512015779873e-05,0.0004558561459244056,6.115523510416483e-05
899,8.484769026566667e-05,6.200903192587214e-05,0.0004567731501491902,6.017470230320943e-05
900,8.488286953804597e-05,6.177101420128727e-05,0.0004622370927272556,5.9203414882702936e-05
901,8.722598067834042e-05,6.402727454752774e-05,0.00046397410915233195,5.822357220992856e-05
902,8.507983273664428e-05,6.183840476670607e-05,0.0004648285422628641,5.7262117378236276e-05
903,8.63615930037982e-05,6.343069022290722e-05,0.0004586180429698934,5.631011058089343e-05
904,8.484240088027609e-05,6.117657004425483e-05,0.00047331660715388825,5.535879707361414e-05
905,8.356218021167181e-05,6.0049093280272626e-05,0.0004702617202680906,5.444299481574879e-05
906,8.391108194363942e-05,6.072354035832514e-05,0.00046375081520064096,5.3502285720819295e-05
907,8.564665164020932e-05,6.25130323896883e-05,0.00046267237581251155,5.2613515328584864e-05
908,8.473490206002492e-05,6.117782550488564e-05,0.0004711415263428135,5.168371633846902e-05
909,8.678860987822752e-05,6.393433143096437e-05,0.00045708556064931135,5.07970033862972e-05
910,8.710820131845963e-05,6.35903422428604e-05,0.00047035717301203425,4.991139327963673e-05
911,8.563251783386847e-05,6.281741847218384e-05,0.0004563019799577348,4.902716167684351e-05
912,8.44764323051937e-05,6.153734254136604e-05,0.000458781788084808,4.816867116690627e-05
913,8.441085885572639e-05,6.12556941292649e-05,0.00046310327684933266,4.7319543519798584e-05
914,8.332010202138918e-05,6.069157360697217e-05,0.00045257056798517524,4.645637760555419e-05
915,8.317494065752122e-05,6.035501795611997e-05,0.0004563984462760702,4.563397823965257e-05
916,8.457280100033853e-05,6.096863016354521e-05,0.0004720834087119133,4.479798258819055e-05
917,8.365122721443186e-05,6.019215962388208e-05,0.0004691813398191395,4.397159477725036e-05
918,8.613256126001399e-05,6.348768004491517e-05,0.0004528976149180312,4.317738039565814e-05
919,8.372806572131203e-05,6.144287147087036e-05,0.0004457038642009546,4.237038952814186e-05
920,8.386087376021789e-05,6.0488598710098474e-05,0.0004674454937264306,4.1573036128485366e-05
921,8.47672406316378e-05,6.166458428129075e-05,0.0004620531138150178,4.0807077988704664e-05
922,8.216599147730179e-05,5.940527070278121e-05,0.00045521441198717285,4.002200594205042e-05
923,8.28704287074441e-05,5.997903182641298e-05,0.0004578279316366572,3.9274923632631793e-05
924,8.245277728245672e-05,5.934993009122141e-05,0.0004620569401527276,3.851643368101525e-05
925,8.524276219961596e-05,6.188846135854773e-05,0.0004670860012588997,3.776762865336433e-05
926,8.340370691762978e-05,6.0321067529137644e-05,0.00046165278345816423,3.704217965009351e-05
927,8.519965770877509e-05,6.182312016015337e-05,0.00046753073884583837,3.631955570550251e-05
928,8.511353769229734e-05,6.202605832653734e-05,0.00046174957861125067,3.561314580475845e-05
929,8.573158578588148e-05,6.199126039625137e-05,0.0004748064969126657,3.4903345800639094e-05
930,8.315128427533059e-05,6.0712839963641363e-05,0.00044876887848182954,3.420971267990661e-05
931,8.51912130618024e-05,6.203089172138057e-05,0.0004632064145685078,3.352575740380695e-05
932,8.101062640317077e-05,5.81851107334067e-05,0.00045651030787094324,3.2845230895893776e-05
933,8.285179858397318e-05,6.005515921893573e-05,0.000455932772884833,3.219295950384113e-05
934,8.306906016110184e-05,6.016319636088425e-05,0.0004581172642819756,3.152595172107838e-05
935,8.591514582055942e-05,6.283459161945715e-05,0.0004616110830700512,3.089272357260902e-05
936,8.483220419832462e-05,6.165586162549314e-05,0.0004635268478186508,3.024549084610163e-05
937,8.305681149067823e-05,6.0187654694514264e-05,0.00045738312635674246,2.962558182297633e-05
938,8.314422768443848e-05,6.039572224699866e-05,0.0004549700859689293,2.9015217112008892e-05
939,8.414856300212839e-05,6.11528516014072e-05,0.00045991421642678753,2.839769511521347e-05
940,8.352689004925332e-05,6.084434721955081e-05,0.00045365084598611205,2.781218388364976e-05
941,8.248666172306418e-05,5.97100164855517e-05,0.0004555328938703131,2.72199382974337e-05
942,8.190199519554476e-05,5.892102629971945e-05,0.00045961936772784983,2.6637520865664276e-05
943,8.249240036767096e-05,6.0013044579439644e-05,0.0004495871004253247,2.6075502415496918e-05
944,8.383694403504552e-05,6.04940805800159e-05,0.0004668572580846566,2.552306301601029e-05
945,8.498290909326931e-05,6.228344905011739e-05,0.00045398918671912087,2.497019951514378e-05
946,8.454146712287286e-05,6.111166561329758e-05,0.00046859601183161224,2.4432175929682788e-05
947,8.403873936105002e-05,6.15120319101455e-05,0.0004505341395862935,2.389903688445292e-05
948,8.25947799372256e-05,6.0126511237277243e-05,0.0004493653650230197,2.339017127622022e-05
949,8.117538096417707e-05,5.8230993898986424e-05,0.00045888773052461655,2.2872070178391656e-05
950,8.238270437066382e-05,5.937388869765145e-05,0.0004601762968683441,2.238241861723843e-05
951,8.200605969879315e-05,5.915570088469632e-05,0.00045700716580999757,2.1888791620986334e-05
952,8.38915198915789e-05,6.17431205009106e-05,0.00044296797245301097,2.140506383172305e-05
953,8.571409710376115e-05,6.265778822941862e-05,0.0004611261743588686,2.0944269711613e-05
954,8.15492938407395e-05,5.84422298036063e-05,0.00046214126949187766,2.047607894901225e-05
955,8.364881146900469e-05,6.0763714853271617e-05,0.0004577019198027344,2.0034546251124227e-05
956,8.340000204043463e-05,6.108565702123558e-05,0.0004462868924680084,1.958635299141925e-05
957,8.136785737261672e-05,5.919513018300243e-05,0.00044345453856481625,1.9164099322333284e-05
958,8.320410755761055e-05,6.0172769123803667e-05,0.0004606267541242224,1.87398039835232e-05
959,8.415687584729482e-05,6.136827461343154e-05,0.0004557720229092759,1.8329242358902668e-05
960,8.183339748400074e-05,5.921204393854606e-05,0.0004524270610688661,1.7924818199708425e-05
961,8.363406646890114e-05,6.0294342079585e-05,0.00046679447921837253,1.7541172332208793e-05
962,8.198120526558171e-05,5.9044661203553795e-05,0.00045873086668864313,1.7156590312139675e-05
963,8.360489944068292e-05,6.127394536398006e-05,0.0004466190655673725,1.6781974257176684e-05
964,8.309663809366985e-05,6.038941892171844e-05,0.0004541443671191233,1.642732473560044e-05
965,8.744960454081322e-05,6.449479133152636e-05,0.00045909625576659555,1.6069329877996675e-05
966,8.085648574638913e-05,5.852103933850433e-05,0.00044670891872589926,1.5730911106703846e-05
967,8.233284692510649e-05,5.908316546924865e-05,0.0004649936193252139,1.540217261081793e-05
968,8.520069720455289e-05,6.270151605468383e-05,0.0004499836191894034,1.507727360260659e-05
969,8.277309625045066e-05,5.991623273024675e-05,0.0004571372712200734,1.4765241542919926e-05
970,8.437518636553514e-05,6.104689634760851e-05,0.00046656578689461105,1.446308117052511e-05
971,8.33957871869881e-05,6.039423203567983e-05,0.00046003109605620597,1.4170795497670006e-05
972,8.278810502101763e-05,5.999881362517486e-05,0.0004557858130929417,1.3888387438161516e-05
973,8.206352800630998e-05,5.932653783491804e-05,0.00045473980113725973,1.361335943051697e-05
974,8.167155050546383e-05,5.9069772709267665e-05,0.0004520355459959812,1.3355579567562799e-05
975,8.156979823036602e-05,5.8980416623752615e-05,0.0004517876179845728,1.3098141004445767e-05
976,8.258925272794268e-05,6.0093757029891196e-05,0.00044990990378816303,1.2857565573810454e-05
977,8.231083945618054e-05,5.9872924524555584e-05,0.00044875828240054506,1.2624586696710087e-05
978,8.781307280225741e-05,6.517834596800462e-05,0.000452694526349116,1.2403521073073188e-05
979,8.343114361502056e-05,6.1018744715604773e-05,0.00044824796411639656,1.2188328269448685e-05
980,8.269614459600739e-05,5.9550386713117065e-05,0.0004629151484954895,1.1983180935164052e-05
981,8.496990056505e-05,6.17943224935057e-05,0.00046351154851096153,1.1793368481507053e-05
982,8.739304924508878e-05,6.424707364509639e-05,0.00046291950465589065,1.1608146173935941e-05
983,8.0777819877969e-05,5.8475782545294215e-05,0.00044604074180285724,1.1432980367508848e-05
984,8.014392954094176e-05,5.8460506739653215e-05,0.00043366844479077437,1.1270856963561913e-05
985,8.334638375715629e-05,6.0766338854726336e-05,0.0004516008898294617,1.1117079051962e-05
986,8.379705657177881e-05,6.07864045647417e-05,0.00046021303636802324,1.0973209196321918e-05
987,8.003008355848983e-05,5.661258472644948e-05,0.0004683499657268705,1.0839248830885703e-05
988,8.302217907142807e-05,6.033092760045743e-05,0.0004538250191514728,1.0716302435513875e-05
989,8.229645114894353e-05,6.005406784323794e-05,0.000444847667352035,1.060005130286669e-05
990,8.477604947032224e-05,6.173886776255513e-05,0.0004607436172914404,1.049775710320971e-05
991,8.282747856153744e-05,6.037301944969739e-05,0.00044908916512482664,1.040170058437698e-05
992,8.300977754482085e-05,6.0176377802337e-05,0.00045666798484102466,1.0318132639418087e-05
993,8.229680251706331e-05,5.956975824288006e-05,0.00045454087551290823,1.0243653801319292e-05
994,8.34064463830415e-05,6.038544324837858e-05,0.000460420059185809,1.0179091726389242e-05
995,8.311102755784458e-05,6.073919399211697e-05,0.0004474366582586282,1.0124907536873874e-05
996,8.133023668590424e-05,5.90448574560772e-05,0.0004457075698762007,1.0079352548457478e-05
997,8.246165599073414e-05,5.9538805076937304e-05,0.0004584570041320191,1.0045188827273363e-05
998,8.3597546445499e-05,6.096112496447016e-05,0.0004527284273299975,1.0019838334882954e-05
999,8.290658929879194e-05,5.906417593387147e-05,0.0004768482530184926,1.0005144985487005e-05
1000,8.190149878190883e-05,5.866130782676443e-05,0.0004648038095829434,1.0000000433190683e-05
